personID,person_class,firstname,lastname,telephone,address,city,region,country,latitude,longitude,email,gender,birth_date,years_experience,facilityID
N000000001,nurse,Herta,Byron,424-429-0913,88595 Waubesa Circle,Accra,Greater Accra,Ghana,5.588026,-0.182550,,Female,,6,
N000000002,nurse,Mariele,Acuna,618-843-3706,2 Graedel Park,Accra,Greater Accra,Ghana,5.588026,-0.182550,,Female,,12,
N000000003,nurse,Abel,Cotterrill,108-664-9781,5668 Cardinal Road,Accra,Greater Accra,Ghana,5.588026,-0.182550,,Male,,13,
N000000004,nurse,Torin,Bolter,717-706-8572,39 Carey Center,Accra,Greater Accra,Ghana,5.588026,-0.182550,,Male,,18,
N000000005,nurse,Raychel,Whistance,197-668-4272,28 Buhler Parkway,Accra,Greater Accra,Ghana,5.588026,-0.182550,,Female,,8,
N000000006,nurse,Gabi,Coucha,240-222-8153,1654 Clemons Circle,Accra,Greater Accra,Ghana,5.588026,-0.182550,,Female,,9,
N000000007,nurse,Annamaria,Abrahmovici,539-583-2631,80 Basil Pass,Accra,Greater Accra,Ghana,5.588026,-0.182550,,Female,,1,
N000000008,nurse,Brnaba,Weigh,550-191-3415,9798 Oak Hill,Accra,Greater Accra,Ghana,5.588026,-0.182550,,Male,,7,
N000000009,nurse,Tabby,Buckenham,622-160-6570,4683 Springs Center,Accra,Greater Accra,Ghana,5.588026,-0.182550,,Male,,24,
N000000010,nurse,Mindy,Labbati,946-200-6174,297 Pond Way,Accra,Greater Accra,Ghana,5.588026,-0.182550,,Female,,14,
N000000011,nurse,Shannan,Belliveau,515-887-2725,5600 Macpherson Hill,Accra,Greater Accra,Ghana,5.588026,-0.182550,,Male,,13,
N000000012,nurse,Kellsie,Maps,312-154-9385,03823 Summer Ridge Drive,Accra,Greater Accra,Ghana,5.588026,-0.182550,,Female,,21,
N000000013,nurse,Stanleigh,Drewe,663-480-8669,074 Valley Edge Parkway,Accra,Greater Accra,Ghana,5.588026,-0.182550,,Male,,8,
N000000014,nurse,Baron,Momery,142-126-7744,3 Walton Point,Accra,Greater Accra,Ghana,5.588026,-0.182550,,Male,,17,
N000000015,nurse,Alena,Biasio,963-310-4797,433 Shoshone Road,Accra,Greater Accra,Ghana,5.588026,-0.182550,,Female,,17,
N000000016,nurse,Charline,Zecchini,605-365-8112,78 Orin Lane,Accra,Greater Accra,Ghana,5.588026,-0.182550,,Female,,6,
N000000017,nurse,Karena,Howlin,303-928-9240,3 Green Ridge Hill,Accra,Greater Accra,Ghana,5.588026,-0.182550,,Female,,20,
N000000018,nurse,Melodee,Bentall,898-148-6216,3769 Rieder Place,Accra,Greater Accra,Ghana,5.588026,-0.182550,,Female,,6,
N000000019,nurse,Giralda,Randals,395-729-4158,1089 Gale Plaza,Accra,Greater Accra,Ghana,5.588026,-0.182550,,Female,,19,
N000000020,nurse,Curcio,Manhood,736-636-2353,9697 Pierstorff Trail,Accra,Greater Accra,Ghana,5.588026,-0.182550,,Male,,14,
N000000021,nurse,Miquela,Brixham,152-236-2604,139 Park Meadow Plaza,Accra,Greater Accra,Ghana,5.588026,-0.182550,,Female,,22,
N000000022,nurse,Timothy,Karlqvist,550-425-7123,514 Ryan Road,Accra,Greater Accra,Ghana,5.588026,-0.182550,,Male,,12,
N000000023,nurse,Fredric,Magner,617-855-3805,5224 Dryden Parkway,Accra,Greater Accra,Ghana,5.588026,-0.182550,,Male,,13,
N000000024,nurse,Becka,Gillett,414-447-9124,8 Russell Trail,Madina,Greater Accra,Ghana,5.671137,-0.164953,,Female,,14,
N000000025,nurse,Alyssa,Groocock,654-691-0796,4 Orin Center,Madina,Greater Accra,Ghana,5.671137,-0.164953,,Male,,17,
N000000026,nurse,Cirillo,Moens,926-229-8711,93269 Ridgeview Lane,Madina,Greater Accra,Ghana,5.671137,-0.164953,,Male,,9,
N000000027,nurse,Josee,Ruckman,846-530-4315,2856 Comanche Circle,Madina,Greater Accra,Ghana,5.671137,-0.164953,,Female,,6,
N000000028,nurse,Codee,Seares,428-821-7272,218 Morningstar Way,Madina,Greater Accra,Ghana,5.671137,-0.164953,,Female,,15,
N000000029,nurse,Shurlocke,Ashwin,722-209-8009,34537 Caliangt Crossing,Madina,Greater Accra,Ghana,5.671137,-0.164953,,Male,,11,
N000000030,nurse,Lisette,Coltart,701-679-0714,011 Blackbird Plaza,Madina,Greater Accra,Ghana,5.671137,-0.164953,,Female,,16,
N000000031,nurse,Davy,Shipp,650-624-6718,7717 Fallview Avenue,Madina,Greater Accra,Ghana,5.671137,-0.164953,,Male,,9,
N000000032,nurse,Yvette,Santry,120-471-6856,73178 John Wall Circle,Madina,Greater Accra,Ghana,5.671137,-0.164953,,Female,,18,
N000000033,nurse,Nanon,Flux,809-493-7699,2 Cardinal Crossing,Madina,Greater Accra,Ghana,5.671137,-0.164953,,Female,,4,
N000000034,nurse,Kevan,Bill,513-393-0647,9690 Blackbird Place,Madina,Greater Accra,Ghana,5.671137,-0.164953,,Male,,20,
N000000035,nurse,Esme,Emmanuele,715-467-5366,10885 Bayside Point,Madina,Greater Accra,Ghana,5.671137,-0.164953,,Male,,9,
N000000036,nurse,Sinclare,Traise,762-570-7126,99 Northland Terrace,Dome,Greater Accra,Ghana,5.656596,-0.237342,,Male,,5,
N000000037,nurse,Lucius,Sinott,704-422-5062,0214 Badeau Parkway,Dome,Greater Accra,Ghana,5.656596,-0.237342,,Male,,4,
N000000038,nurse,Victoir,Cawsby,468-185-3617,8 Riverside Plaza,Dome,Greater Accra,Ghana,5.656596,-0.237342,,Male,,14,
N000000039,nurse,Bernardo,Betton,838-244-5236,5 Ruskin Hill,Dome,Greater Accra,Ghana,5.656596,-0.237342,,Male,,22,
N000000040,nurse,Wadsworth,Linnit,147-338-6121,46205 Marquette Plaza,Dome,Greater Accra,Ghana,5.656596,-0.237342,,Male,,4,
N000000041,nurse,Gabie,Skipp,415-229-0464,57524 Sunnyside Place,Dome,Greater Accra,Ghana,5.656596,-0.237342,,Female,,24,
N000000042,nurse,Guinevere,Bedlington,718-404-0776,09 Daystar Way,Dome,Greater Accra,Ghana,5.656596,-0.237342,,Female,,11,
N000000043,nurse,Kati,Aucourte,805-465-1965,048 Fair Oaks Lane,Dome,Greater Accra,Ghana,5.656596,-0.237342,,Male,,16,
N000000044,nurse,Ewen,Van Driel,483-254-9325,5922 Utah Alley,Gbawe,Greater Accra,Ghana,5.577497,-0.305301,,Male,,21,
N000000045,nurse,Baldwin,Duigenan,314-128-4068,54 Rockefeller Lane,Gbawe,Greater Accra,Ghana,5.577497,-0.305301,,Male,,11,
N000000046,nurse,Cordy,Cowper,520-680-3131,807 Hoepker Plaza,Gbawe,Greater Accra,Ghana,5.577497,-0.305301,,Male,,11,
N000000047,nurse,Morris,Rousell,305-213-0654,144 Melody Hill,Gbawe,Greater Accra,Ghana,5.577497,-0.305301,,Male,,11,
N000000048,nurse,Giselbert,Edmett,604-278-2261,41 Kennedy Crossing,Gbawe,Greater Accra,Ghana,5.577497,-0.305301,,Male,,5,
N000000049,nurse,Kurtis,Humfrey,987-886-0209,676 Arrowood Parkway,Gbawe,Greater Accra,Ghana,5.577497,-0.305301,,Male,,12,
N000000050,nurse,Leyla,Lodden,448-205-7443,7443 Sunnyside Terrace,Gbawe,Greater Accra,Ghana,5.577497,-0.305301,,Female,,11,
N000000051,nurse,Michele,Plumbridge,823-902-9031,287 Calypso Center,Gbawe,Greater Accra,Ghana,5.577497,-0.305301,,Male,,4,
N000000052,nurse,Anna-diana,Custard,833-958-7922,1 Calypso Alley,Gbawe,Greater Accra,Ghana,5.577497,-0.305301,,Female,,16,
N000000053,nurse,Micheline,Ghidini,842-712-2372,36 Hermina Road,Tema,Greater Accra,Ghana,5.693397,0.050082,,Female,,10,
N000000054,nurse,Carleton,Dunsford,851-633-3033,5662 Shasta Crossing,Tema,Greater Accra,Ghana,5.693397,0.050082,,Female,,24,
N000000055,nurse,Kahlil,Gitting,794-633-9932,3 Dixon Avenue,Tema,Greater Accra,Ghana,5.693397,0.050082,,Male,,6,
N000000056,nurse,Alexandrina,Spracklin,861-958-1277,83 Grim Trail,Tema,Greater Accra,Ghana,5.693397,0.050082,,Female,,12,
N000000057,nurse,Leticia,Koppes,679-618-1277,740 Eggendart Hill,Tema,Greater Accra,Ghana,5.693397,0.050082,,Male,,12,
N000000058,nurse,Bertina,Khrishtafovich,283-823-5786,53 Menomonie Road,Tema,Greater Accra,Ghana,5.693397,0.050082,,Female,,14,
N000000059,nurse,Lorianne,Skym,621-939-4705,97 Mockingbird Terrace,Tema,Greater Accra,Ghana,5.693397,0.050082,,Female,,21,
N000000060,nurse,L;urette,Emmot,497-912-1223,1 Dovetail Point,Tema,Greater Accra,Ghana,5.693397,0.050082,,Female,,2,
N000000061,nurse,Nessie,Renahan,486-723-5726,27786 Pierstorff Way,Tema,Greater Accra,Ghana,5.693397,0.050082,,Female,,2,
N000000062,nurse,Sly,Goligly,272-427-9919,723 Thompson Park,Tema,Greater Accra,Ghana,5.693397,0.050082,,Male,,7,
N000000063,nurse,Tammie,Rabson,156-927-1338,80 8th Avenue,Tema,Greater Accra,Ghana,5.693397,0.050082,,Male,,9,
N000000064,nurse,Terrye,Anand,517-732-3720,4472 Florence Avenue,Tema,Greater Accra,Ghana,5.693397,0.050082,,Female,,20,
N000000065,nurse,Dalia,Baron,357-895-3415,6 Atwood Lane,Tema,Greater Accra,Ghana,5.693397,0.050082,,Male,,2,
N000000066,nurse,Gerda,O'Brallaghan,953-236-8101,042 Alpine Parkway,Prampram,Greater Accra,Ghana,5.712015,0.116633,,Female,,12,
N000000067,nurse,Travers,Pemble,989-200-9405,36549 Huxley Court,Prampram,Greater Accra,Ghana,5.712015,0.116633,,Male,,23,
N000000068,nurse,Fairfax,Petchell,895-831-5158,1 Utah Center,Prampram,Greater Accra,Ghana,5.712015,0.116633,,Male,,10,
N000000069,nurse,Kristyn,Albone,952-402-2445,012 Fair Oaks Avenue,Prampram,Greater Accra,Ghana,5.712015,0.116633,,Female,,17,
N000000070,nurse,Aubree,Waryk,352-794-3113,80453 Stoughton Drive,Prampram,Greater Accra,Ghana,5.712015,0.116633,,Female,,3,
N000000071,nurse,Nancy,Carress,103-436-0842,913 Dovetail Park,Prampram,Greater Accra,Ghana,5.712015,0.116633,,Female,,12,
N000000072,nurse,Crissy,Gideon,342-981-6236,95346 Grover Pass,Prampram,Greater Accra,Ghana,5.712015,0.116633,,Male,,18,
N000000073,nurse,Francene,Wathall,641-459-0075,36 Toban Junction,Prampram,Greater Accra,Ghana,5.712015,0.116633,,Female,,8,
N000000074,nurse,Celisse,Boughton,305-676-6233,68 Myrtle Crossing,Dodowa,Greater Accra,Ghana,5.885539,-0.092864,,Female,,21,
N000000075,nurse,Ede,Tippings,827-806-3141,05 Lakeland Hill,Dodowa,Greater Accra,Ghana,5.885539,-0.092864,,Female,,24,
N000000076,nurse,Grant,Luesley,246-418-8923,15593 Sommers Hill,Dodowa,Greater Accra,Ghana,5.885539,-0.092864,,Male,,12,
N000000077,nurse,Alvan,Gioani,523-129-9969,29152 Golden Leaf Street,Dodowa,Greater Accra,Ghana,5.885539,-0.092864,,Male,,3,
N000000078,nurse,Emerson,Howland,861-413-2385,5 Mariners Cove Trail,Dodowa,Greater Accra,Ghana,5.885539,-0.092864,,Male,,14,
N000000079,nurse,Kesley,Paur,989-801-3502,924 Cardinal Court,Dodowa,Greater Accra,Ghana,5.885539,-0.092864,,Female,,8,
N000000080,nurse,Justus,Attyeo,367-254-5359,3995 Forest Run Pass,Dodowa,Greater Accra,Ghana,5.885539,-0.092864,,Male,,21,
N000000081,nurse,Herbie,Dryburgh,137-555-1595,69159 Forster Terrace,Ashaiman,Greater Accra,Ghana,5.690080,-0.026978,,Male,,5,
N000000082,nurse,Garfield,Lemmanbie,367-649-9686,4151 Starling Alley,Ashaiman,Greater Accra,Ghana,5.690080,-0.026978,,Male,,5,
N000000083,nurse,Virginia,Daddow,337-604-6372,3424 Logan Avenue,Ashaiman,Greater Accra,Ghana,5.690080,-0.026978,,Female,,19,
N000000084,nurse,Vin,Stothart,134-570-5288,91 Merrick Circle,Ashaiman,Greater Accra,Ghana,5.690080,-0.026978,,Male,,18,
N000000085,nurse,Pace,Faircliffe,876-875-6446,6 5th Parkway,Ashaiman,Greater Accra,Ghana,5.690080,-0.026978,,Female,,8,
N000000086,nurse,Corny,Sorsby,654-324-6486,572 Grim Plaza,Ashaiman,Greater Accra,Ghana,5.690080,-0.026978,,Male,,17,
N000000087,nurse,Benjamin,MacCawley,704-731-3940,982 Daystar Way,Ashaiman,Greater Accra,Ghana,5.690080,-0.026978,,Male,,14,
N000000088,nurse,Ansell,Storrah,756-921-1717,89080 Veith Pass,Ashaiman,Greater Accra,Ghana,5.690080,-0.026978,,Male,,23,
N000000089,nurse,Windham,Willatts,294-537-3192,89 Tennyson Avenue,Ashaiman,Greater Accra,Ghana,5.690080,-0.026978,,Male,,5,
N000000090,nurse,Gav,Turmell,393-222-1897,92159 Twin Pines Point,Ashaiman,Greater Accra,Ghana,5.690080,-0.026978,,Male,,9,
N000000091,nurse,Killy,Menco,219-329-2412,79 Doe Crossing Trail,Ashaiman,Greater Accra,Ghana,5.690080,-0.026978,,Male,,23,
N000000092,nurse,Carroll,Sigsworth,320-973-3712,50 Fairfield Park,Ashaiman,Greater Accra,Ghana,5.690080,-0.026978,,Female,,2,
N000000093,nurse,Paige,Geydon,511-360-6558,2491 Maryland Terrace,Kumasi,Ashanti,Ghana,6.699315,-1.625943,,Female,,22,
N000000094,nurse,Kelcey,Coatman,828-458-8492,4 Cody Place,Kumasi,Ashanti,Ghana,6.699315,-1.625943,,Female,,23,
N000000095,nurse,Rudy,Drioli,572-236-1125,8 Dwight Lane,Kumasi,Ashanti,Ghana,6.699315,-1.625943,,Male,,18,
N000000096,nurse,Erica,Linfield,741-409-1501,07 Londonderry Street,Kumasi,Ashanti,Ghana,6.699315,-1.625943,,Female,,12,
N000000097,nurse,Opalina,Olyff,771-458-0705,9 David Street,Kumasi,Ashanti,Ghana,6.699315,-1.625943,,Female,,12,
N000000098,nurse,Herbert,Mollindinia,141-361-4737,49350 American Ash Place,Kumasi,Ashanti,Ghana,6.699315,-1.625943,,Male,,21,
N000000099,nurse,Guthry,Wiffler,683-608-0985,942 Kennedy Place,Kumasi,Ashanti,Ghana,6.699315,-1.625943,,Male,,18,
N000000100,nurse,Morissa,Pickthall,161-152-4856,13 Walton Terrace,Kumasi,Ashanti,Ghana,6.699315,-1.625943,,Female,,14,
N000000101,nurse,Minny,Titley,971-827-1009,4 Mandrake Point,Kumasi,Ashanti,Ghana,6.699315,-1.625943,,Female,,19,
N000000102,nurse,Bartolomeo,Gonet,620-294-4200,8 Bobwhite Drive,Kumasi,Ashanti,Ghana,6.699315,-1.625943,,Male,,14,
N000000103,nurse,Erskine,Manicomb,502-595-1311,81 Gina Hill,Kumasi,Ashanti,Ghana,6.699315,-1.625943,,Male,,18,
N000000104,nurse,Helenelizabeth,Surpliss,968-500-9989,845 Parkside Hill,Kumasi,Ashanti,Ghana,6.699315,-1.625943,,Female,,11,
N000000105,nurse,Candie,Plenderleith,403-232-7160,9373 Hollow Ridge Pass,Kumasi,Ashanti,Ghana,6.699315,-1.625943,,Female,,24,
N000000106,nurse,Rosita,Lacase,125-422-5815,05 Monterey Center,Kumasi,Ashanti,Ghana,6.699315,-1.625943,,Female,,5,
N000000107,nurse,Frasco,Larmour,645-689-1264,9 Beilfuss Plaza,Kumasi,Ashanti,Ghana,6.699315,-1.625943,,Male,,1,
N000000108,nurse,Phyllis,Sylvester,875-271-6067,1485 Mcguire Point,Kumasi,Ashanti,Ghana,6.699315,-1.625943,,Female,,5,
N000000109,nurse,Sayre,Birdfield,249-736-6343,6 Sachtjen Pass,Kumasi,Ashanti,Ghana,6.699315,-1.625943,,Male,,16,
N000000110,nurse,Gretna,Oret,300-770-0806,737 Badeau Pass,Obuasi,Ashanti,Ghana,6.202940,-1.676537,,Female,,21,
N000000111,nurse,Claude,Meineck,813-343-1947,9 Oneill Park,Obuasi,Ashanti,Ghana,6.202940,-1.676537,,Female,,17,
N000000112,nurse,Tawnya,Sutcliff,906-501-0740,3 Monument Way,Obuasi,Ashanti,Ghana,6.202940,-1.676537,,Female,,24,
N000000113,nurse,Marten,Applebee,448-396-7801,6878 Fordem Center,Obuasi,Ashanti,Ghana,6.202940,-1.676537,,Male,,15,
N000000114,nurse,Jocelin,Lightowler,971-919-7093,5340 Hayes Circle,Obuasi,Ashanti,Ghana,6.202940,-1.676537,,Female,,9,
N000000115,nurse,Florencia,Glide,783-585-3109,918 Elmside Parkway,Obuasi,Ashanti,Ghana,6.202940,-1.676537,,Female,,22,
N000000116,nurse,Hillard,Davydychev,655-589-9711,6 Saint Paul Road,Obuasi,Ashanti,Ghana,6.202940,-1.676537,,Male,,6,
N000000117,nurse,Noami,Redier,923-424-4218,09163 Evergreen Junction,Obuasi,Ashanti,Ghana,6.202940,-1.676537,,Female,,2,
N000000118,nurse,Ursa,Titcomb,707-187-5868,5 Steensland Pass,Obuasi,Ashanti,Ghana,6.202940,-1.676537,,Female,,11,
N000000119,nurse,Ina,Rainforth,218-208-6210,19945 Warrior Terrace,Obuasi,Ashanti,Ghana,6.202940,-1.676537,,Female,,14,
N000000120,nurse,Dar,Boddy,582-186-8160,84187 Doe Crossing Point,Obuasi,Ashanti,Ghana,6.202940,-1.676537,,Male,,7,
N000000121,nurse,Mile,Vannoort,650-347-0635,4358 Schurz Plaza,Ofinso,Ashanti,Ghana,6.937276,-1.667529,,Male,,7,
N000000122,nurse,Cami,MacNess,870-388-1324,5 Manitowish Circle,Ofinso,Ashanti,Ghana,6.937276,-1.667529,,Female,,3,
N000000123,nurse,Guilbert,Jeavons,121-691-3172,53865 Tomscot Lane,Ofinso,Ashanti,Ghana,6.937276,-1.667529,,Male,,13,
N000000124,nurse,Nathanial,Slayny,443-305-8975,4 Barnett Hill,Ofinso,Ashanti,Ghana,6.937276,-1.667529,,Male,,20,
N000000125,nurse,Tonie,Stolberg,163-455-7022,555 Hoepker Point,Ofinso,Ashanti,Ghana,6.937276,-1.667529,,Female,,21,
N000000126,nurse,Clarine,Kuhnhardt,502-300-9273,09 Kipling Road,Ofinso,Ashanti,Ghana,6.937276,-1.667529,,Female,,18,
N000000127,nurse,Keefe,Lacey,674-419-6029,16026 Maywood Street,Ofinso,Ashanti,Ghana,6.937276,-1.667529,,Male,,15,
N000000128,nurse,Daniela,Chaters,666-651-5596,46 Bartelt Point,Ofinso,Ashanti,Ghana,6.937276,-1.667529,,Female,,20,
N000000129,nurse,Adolph,Winmill,357-287-2384,50001 Oneill Drive,Ofinso,Ashanti,Ghana,6.937276,-1.667529,,Male,,20,
N000000130,nurse,Farris,Gatcliff,715-706-6206,68 Cambridge Center,Konongo,Ashanti,Ghana,6.624592,-1.211304,,Male,,16,
N000000131,nurse,Julee,Manterfield,704-765-0790,22229 Hollow Ridge Street,Konongo,Ashanti,Ghana,6.624592,-1.211304,,Female,,1,
N000000132,nurse,Andeee,Boatwright,586-665-6565,643 Express Trail,Konongo,Ashanti,Ghana,6.624592,-1.211304,,Female,,11,
N000000133,nurse,Shalom,Mustchin,657-309-5082,90 Golf Terrace,Konongo,Ashanti,Ghana,6.624592,-1.211304,,Female,,14,
N000000134,nurse,Britt,Scammonden,605-836-1342,995 Scofield Way,Konongo,Ashanti,Ghana,6.624592,-1.211304,,Female,,10,
N000000135,nurse,Berton,Keems,195-510-9056,40 Nevada Court,Konongo,Ashanti,Ghana,6.624592,-1.211304,,Male,,12,
N000000136,nurse,Arleen,Gready,908-638-3304,4 Loeprich Center,Konongo,Ashanti,Ghana,6.624592,-1.211304,,Female,,7,
N000000137,nurse,Nappy,Girardez,671-131-4479,0192 Butternut Trail,Mampong,Ashanti,Ghana,7.057997,-1.400184,,Male,,3,
N000000138,nurse,Billie,Colloff,368-160-2097,285 Sheridan Place,Mampong,Ashanti,Ghana,7.057997,-1.400184,,Female,,8,
N000000139,nurse,Melonie,Beckenham,747-896-1868,137 David Street,Mampong,Ashanti,Ghana,7.057997,-1.400184,,Female,,4,
N000000140,nurse,Torie,Antosch,336-921-9590,507 Weeping Birch Place,Mampong,Ashanti,Ghana,7.057997,-1.400184,,Female,,20,
N000000141,nurse,Amble,Bohills,554-350-8686,949 Sauthoff Circle,Mampong,Ashanti,Ghana,7.057997,-1.400184,,Male,,12,
N000000142,nurse,Sumner,Coil,451-961-5492,1 Buell Crossing,Mampong,Ashanti,Ghana,7.057997,-1.400184,,Male,,2,
N000000143,nurse,Gwenneth,Billo,946-253-9260,608 Monterey Way,Mampong,Ashanti,Ghana,7.057997,-1.400184,,Female,,14,
N000000144,nurse,Shaine,Jepps,148-649-1998,643 Forster Way,Ejisu,Ashanti,Ghana,6.721538,-1.476795,,Male,,15,
N000000145,nurse,Stanislas,Wathen,460-668-6634,5589 Pennsylvania Road,Ejisu,Ashanti,Ghana,6.721538,-1.476795,,Male,,22,
N000000146,nurse,Debby,O'Fielly,508-537-2468,16497 Hazelcrest Pass,Ejisu,Ashanti,Ghana,6.721538,-1.476795,,Female,,12,
N000000147,nurse,Demetria,Garrould,714-189-4306,79459 Michigan Plaza,Ejisu,Ashanti,Ghana,6.721538,-1.476795,,Female,,3,
N000000148,nurse,Stefan,Bloxham,626-470-3270,82 Elmside Drive,Ejisu,Ashanti,Ghana,6.721538,-1.476795,,Male,,14,
N000000149,nurse,Putnem,Dimitrie,687-440-8512,71001 Briar Crest Circle,Ejisu,Ashanti,Ghana,6.721538,-1.476795,,Male,,15,
N000000150,nurse,Akim,O'Sheerin,100-703-7222,49309 Schlimgen Park,Ejisu,Ashanti,Ghana,6.721538,-1.476795,,Male,,19,
N000000151,nurse,Constancia,Luebbert,574-754-5946,9 Schlimgen Plaza,Ejisu,Ashanti,Ghana,6.721538,-1.476795,,Male,,3,
N000000152,nurse,Chandler,Jovicevic,122-497-9087,76315 Schurz Place,Abuakwa,Ashanti,Ghana,6.700778,-1.716666,,Male,,4,
N000000153,nurse,Harbert,Ballach,970-257-1600,16833 Parkside Alley,Abuakwa,Ashanti,Ghana,6.700778,-1.716666,,Male,,15,
N000000154,nurse,Pyotr,Oram,380-524-8842,55185 Prairie Rose Crossing,Abuakwa,Ashanti,Ghana,6.700778,-1.716666,,Male,,13,
N000000155,nurse,Gabrielle,Mawby,864-217-4019,09850 Arapahoe Crossing,Abuakwa,Ashanti,Ghana,6.700778,-1.716666,,Female,,11,
N000000156,nurse,Sindee,Pidon,513-933-1771,330 Columbus Plaza,Drabonso,Ashanti,Ghana,7.064151,-1.123779,,Female,,6,
N000000157,nurse,Maxy,Stedmond,431-210-2922,9070 Ridge Oak Junction,Drabonso,Ashanti,Ghana,7.064151,-1.123779,,Male,,15,
N000000158,nurse,Bart,Hischke,917-908-6296,11 Sullivan Point,Drabonso,Ashanti,Ghana,7.064151,-1.123779,,Male,,4,
N000000159,nurse,Thibaut,Binch,938-589-9036,289 Dwight Crossing,Koforidua,Eastern,Ghana,6.094245,-0.260034,,Male,,20,
N000000160,nurse,Jade,Truscott,633-204-8952,51335 Holmberg Junction,Koforidua,Eastern,Ghana,6.094245,-0.260034,,Female,,21,
N000000161,nurse,Karylin,Clair,518-855-1021,06 Farmco Plaza,Koforidua,Eastern,Ghana,6.094245,-0.260034,,Female,,16,
N000000162,nurse,Barbra,Goodman,245-934-9533,0354 Gale Road,Koforidua,Eastern,Ghana,6.094245,-0.260034,,Female,,14,
N000000163,nurse,Gill,Chadbourne,250-399-0616,0920 Nancy Junction,Koforidua,Eastern,Ghana,6.094245,-0.260034,,Male,,11,
N000000164,nurse,Arabele,Yedall,200-855-3744,795 Kensington Point,Koforidua,Eastern,Ghana,6.094245,-0.260034,,Female,,6,
N000000165,nurse,Martica,Thunder,124-526-9085,3 Eastwood Place,Koforidua,Eastern,Ghana,6.094245,-0.260034,,Female,,3,
N000000166,nurse,Dalton,Warrener,541-717-8275,24392 Manley Avenue,Koforidua,Eastern,Ghana,6.094245,-0.260034,,Male,,23,
N000000167,nurse,Swen,Cockrill,145-584-0857,61407 Logan Alley,Koforidua,Eastern,Ghana,6.094245,-0.260034,,Male,,8,
N000000168,nurse,Farra,Hurrion,556-602-7853,7 Florence Street,Koforidua,Eastern,Ghana,6.094245,-0.260034,,Female,,14,
N000000169,nurse,Haven,Dudbridge,679-179-8729,33742 Clemons Way,Koforidua,Eastern,Ghana,6.094245,-0.260034,,Male,,10,
N000000170,nurse,Emelen,Loughren,103-836-6321,994 Moland Center,Akim Oda,Eastern,Ghana,5.932054,-0.978839,,Male,,12,
N000000171,nurse,Uriah,Gilpin,557-615-5831,4435 Schurz Hill,Akim Oda,Eastern,Ghana,5.932054,-0.978839,,Female,,7,
N000000172,nurse,Norina,Simoneschi,193-509-3847,6 Mitchell Court,Akim Oda,Eastern,Ghana,5.932054,-0.978839,,Female,,10,
N000000173,nurse,Garik,Wharton,316-203-3871,4869 Carey Terrace,Akim Oda,Eastern,Ghana,5.932054,-0.978839,,Male,,5,
N000000174,nurse,Goldi,Aughtie,155-680-3724,28734 7th Way,Akim Oda,Eastern,Ghana,5.932054,-0.978839,,Female,,14,
N000000175,nurse,Maryann,Molnar,351-654-1829,00991 Scoville Center,Akim Oda,Eastern,Ghana,5.932054,-0.978839,,Female,,14,
N000000176,nurse,Cecile,Ruxton,190-985-9488,67 Farmco Way,Akim Oda,Eastern,Ghana,5.932054,-0.978839,,Female,,7,
N000000177,nurse,Felice,Parsell,652-199-9613,401 Ridgeway Avenue,Akim Oda,Eastern,Ghana,5.932054,-0.978839,,Female,,21,
N000000178,nurse,Evie,Portugal,778-508-1979,67015 Raven Park,Donkorkrom,Eastern,Ghana,7.047150,-0.081001,,Female,,4,
N000000179,nurse,Ebonee,Mammatt,293-921-0654,14 Fallview Park,Donkorkrom,Eastern,Ghana,7.047150,-0.081001,,Female,,10,
N000000180,nurse,Annie,Mainds,346-381-9222,4326 Macpherson Trail,Donkorkrom,Eastern,Ghana,7.047150,-0.081001,,Female,,15,
N000000181,nurse,Brenn,Riquet,165-889-0484,6 Morning Place,Donkorkrom,Eastern,Ghana,7.047150,-0.081001,,Female,,20,
N000000182,nurse,Mildred,Caldecott,354-735-6753,25445 Mayfield Lane,Donkorkrom,Eastern,Ghana,7.047150,-0.081001,,Female,,20,
N000000183,nurse,Rouvin,Chotty,178-627-8680,72 Lakeland Alley,Donkorkrom,Eastern,Ghana,7.047150,-0.081001,,Male,,22,
N000000184,nurse,Linoel,Corkan,655-402-3304,80064 Anhalt Circle,Asamankese,Eastern,Ghana,5.862264,-0.668319,,Male,,12,
N000000185,nurse,Ardys,Luscott,838-403-6870,2 Portage Terrace,Asamankese,Eastern,Ghana,5.862264,-0.668319,,Female,,21,
N000000186,nurse,Ronnie,Catling,867-836-5609,00516 Carey Lane,Asamankese,Eastern,Ghana,5.862264,-0.668319,,Male,,15,
N000000187,nurse,Hunfredo,Sign,400-985-7630,43849 Southridge Point,Asamankese,Eastern,Ghana,5.862264,-0.668319,,Male,,6,
N000000188,nurse,Isak,Cymper,596-667-0901,960 Scoville Trail,Asamankese,Eastern,Ghana,5.862264,-0.668319,,Male,,7,
N000000189,nurse,Dagny,Bastiman,737-447-8194,1680 Harbort Avenue,Asamankese,Eastern,Ghana,5.862264,-0.668319,,Female,,24,
N000000190,nurse,Efren,Ivanyushkin,835-158-0548,994 Loeprich Court,Asamankese,Eastern,Ghana,5.862264,-0.668319,,Male,,18,
N000000191,nurse,Hy,De Bruijne,626-985-7549,54019 Saint Paul Plaza,Mpraeso,Eastern,Ghana,6.591835,-0.734635,,Male,,19,
N000000192,nurse,Tiffy,Gudde,908-853-3254,484 Pine View Hill,Mpraeso,Eastern,Ghana,6.591835,-0.734635,,Female,,4,
N000000193,nurse,Darbee,Pumfrey,302-146-2139,5 Declaration Alley,Mpraeso,Eastern,Ghana,6.591835,-0.734635,,Male,,9,
N000000194,nurse,Bayard,Florence,902-505-4972,446 Milwaukee Center,Mpraeso,Eastern,Ghana,6.591835,-0.734635,,Male,,16,
N000000195,nurse,Locke,Kewley,284-907-3957,1 Utah Circle,Mpraeso,Eastern,Ghana,6.591835,-0.734635,,Male,,1,
N000000196,nurse,Elmore,Duetschens,890-306-4134,80601 Lakewood Gardens Way,Mpraeso,Eastern,Ghana,6.591835,-0.734635,,Male,,12,
N000000197,nurse,Frederigo,Moneti,935-126-4795,5 Russell Terrace,Mpraeso,Eastern,Ghana,6.591835,-0.734635,,Male,,4,
N000000198,nurse,Christye,Sphinxe,272-673-2683,0 Knutson Plaza,Sunyani,Bono,Ghana,7.332780,-2.327782,,Female,,12,
N000000199,nurse,Cleon,Lavers,413-952-1993,930 Fisk Avenue,Sunyani,Bono,Ghana,7.332780,-2.327782,,Male,,13,
N000000200,nurse,Tedd,Hartshorne,133-831-0016,5520 Kennedy Hill,Sunyani,Bono,Ghana,7.332780,-2.327782,,Male,,6,
N000000201,nurse,Aloysius,Gatty,455-127-9856,44 Bunting Parkway,Sunyani,Bono,Ghana,7.332780,-2.327782,,Male,,13,
N000000202,nurse,Jeannette,Woloschinski,327-563-1119,49 Briar Crest Circle,Sunyani,Bono,Ghana,7.332780,-2.327782,,Female,,7,
N000000203,nurse,Wallis,Quillinane,909-560-7217,71558 Donald Point,Sunyani,Bono,Ghana,7.332780,-2.327782,,Male,,12,
N000000204,nurse,Ardis,Peerman,782-304-5456,5 Saint Paul Street,Sunyani,Bono,Ghana,7.332780,-2.327782,,Female,,14,
N000000205,nurse,Garek,Windrus,208-945-7819,24736 Esch Terrace,Sunyani,Bono,Ghana,7.332780,-2.327782,,Male,,18,
N000000206,nurse,Spence,Gilpin,764-503-6271,9 Chinook Center,Sunyani,Bono,Ghana,7.332780,-2.327782,,Male,,13,
N000000207,nurse,Gordy,Huelin,434-722-6039,60433 Heath Park,Sunyani,Bono,Ghana,7.332780,-2.327782,,Male,,21,
N000000208,nurse,Matt,Lipp,179-146-0730,1511 Melby Drive,Dormaa Ahenkro,Bono,Ghana,7.279862,-2.876592,,Male,,14,
N000000209,nurse,Eugenia,Stainson,719-384-0111,0653 Old Shore Pass,Dormaa Ahenkro,Bono,Ghana,7.279862,-2.876592,,Female,,20,
N000000210,nurse,Deloris,Easlea,793-146-1849,5323 Debs Way,Dormaa Ahenkro,Bono,Ghana,7.279862,-2.876592,,Female,,15,
N000000211,nurse,Cosette,Matyashev,960-905-1404,333 Declaration Plaza,Dormaa Ahenkro,Bono,Ghana,7.279862,-2.876592,,Female,,20,
N000000212,nurse,Toddie,Kornyshev,203-856-6512,0178 Center Alley,Dormaa Ahenkro,Bono,Ghana,7.279862,-2.876592,,Male,,16,
N000000213,nurse,Merwyn,Dencs,294-135-3442,1 Fair Oaks Way,Dormaa Ahenkro,Bono,Ghana,7.279862,-2.876592,,Male,,22,
N000000214,nurse,Luke,Shaw,437-797-0396,52 Briar Crest Center,Dormaa Ahenkro,Bono,Ghana,7.279862,-2.876592,,Male,,14,
N000000215,nurse,Suzanne,O'Dempsey,897-175-4789,53548 Brentwood Street,Sefwi Wiawso,Western North,Ghana,6.217161,-2.482124,,Male,,3,
N000000216,nurse,Scarlet,Grinston,202-121-5839,2 Del Mar Hill,Sefwi Wiawso,Western North,Ghana,6.217161,-2.482124,,Female,,24,
N000000217,nurse,Willem,Mobius,606-552-4913,1 Briar Crest Crossing,Sefwi Wiawso,Western North,Ghana,6.217161,-2.482124,,Male,,19,
N000000218,nurse,Leonard,Coldham,115-526-0583,5 Spaight Trail,Sefwi Wiawso,Western North,Ghana,6.217161,-2.482124,,Male,,6,
N000000219,nurse,Emmye,Gantlett,517-231-8628,10667 Montana Terrace,Sefwi Wiawso,Western North,Ghana,6.217161,-2.482124,,Female,,24,
N000000220,nurse,Ralf,Dowse,146-413-8693,75 Bartelt Trail,Bibiani,Western North,Ghana,6.454458,-2.317452,,Male,,10,
N000000221,nurse,Ignacius,Dallywater,935-214-9456,2 Colorado Drive,Bibiani,Western North,Ghana,6.454458,-2.317452,,Male,,16,
N000000222,nurse,Coletta,Baine,835-746-9122,49 Fuller Park,Bibiani,Western North,Ghana,6.454458,-2.317452,,Female,,3,
N000000223,nurse,Nalani,Rabbet,731-418-1532,72740 Marcy Way,Bibiani,Western North,Ghana,6.454458,-2.317452,,Female,,5,
N000000224,nurse,Herculie,Rosenfeld,501-558-6256,02603 Judy Place,Bibiani,Western North,Ghana,6.454458,-2.317452,,Male,,1,
N000000225,nurse,Timothy,Alpe,233-368-6733,7695 Union Parkway,Bibiani,Western North,Ghana,6.454458,-2.317452,,Male,,14,
N000000226,nurse,Guillaume,Noweak,525-413-7217,8 Green Ridge Parkway,Enchi,Western North,Ghana,5.821725,-2.821351,,Male,,11,
N000000227,nurse,Benjamen,Georgeot,409-994-9068,25 Vera Hill,Enchi,Western North,Ghana,5.821725,-2.821351,,Male,,10,
N000000228,nurse,Christean,Morrilly,964-506-3063,012 Moulton Terrace,Enchi,Western North,Ghana,5.821725,-2.821351,,Female,,2,
N000000229,nurse,Rici,Kenningley,977-349-6643,67684 Dovetail Road,Enchi,Western North,Ghana,5.821725,-2.821351,,Female,,7,
N000000230,nurse,Evangelia,Heinl,130-558-7635,72 Shelley Terrace,Enchi,Western North,Ghana,5.821725,-2.821351,,Female,,4,
N000000231,nurse,Abbie,Garvie,811-731-1350,03055 Hayes Park,Cape Coast,Central,Ghana,5.123198,-1.268892,,Male,,20,
N000000232,nurse,Errick,O' Kelleher,763-958-9980,3 Jana Circle,Cape Coast,Central,Ghana,5.123198,-1.268892,,Male,,17,
N000000233,nurse,Mildrid,Solan,282-356-3567,499 Donald Plaza,Cape Coast,Central,Ghana,5.123198,-1.268892,,Female,,3,
N000000234,nurse,Fawn,Roden,800-888-0386,1 Glendale Terrace,Cape Coast,Central,Ghana,5.123198,-1.268892,,Female,,14,
N000000235,nurse,Rem,Hearson,589-456-4550,9541 Corry Center,Cape Coast,Central,Ghana,5.123198,-1.268892,,Male,,20,
N000000236,nurse,Nata,Gouldstraw,201-903-8280,7 Northridge Way,Cape Coast,Central,Ghana,5.123198,-1.268892,,Female,,10,
N000000237,nurse,Shaw,Skene,712-529-2872,772 Kropf Street,Cape Coast,Central,Ghana,5.123198,-1.268892,,Male,,21,
N000000238,nurse,Etan,Imrie,322-287-6432,64 Summer Ridge Terrace,Cape Coast,Central,Ghana,5.123198,-1.268892,,Male,,3,
N000000239,nurse,Humfrid,Drejer,555-856-7804,6 Holmberg Way,Cape Coast,Central,Ghana,5.123198,-1.268892,,Male,,1,
N000000240,nurse,Giulietta,Wannell,125-792-4939,02 Loftsgordon Plaza,Cape Coast,Central,Ghana,5.123198,-1.268892,,Female,,23,
N000000241,nurse,Joelly,Boys,422-874-0309,25286 Susan Plaza,Cape Coast,Central,Ghana,5.123198,-1.268892,,Female,,1,
N000000242,nurse,Austina,Withey,602-481-3149,6 Hoffman Park,Kasoa,Central,Ghana,5.532328,-0.440315,,Female,,6,
N000000243,nurse,Janine,Petrou,524-327-5527,740 Oak Terrace,Kasoa,Central,Ghana,5.532328,-0.440315,,Female,,13,
N000000244,nurse,Johan,Erbain,574-776-1982,7 Sommers Street,Kasoa,Central,Ghana,5.532328,-0.440315,,Male,,23,
N000000245,nurse,Horatius,Lumbers,603-731-6191,9 Summit Terrace,Kasoa,Central,Ghana,5.532328,-0.440315,,Male,,15,
N000000246,nurse,Blisse,Forri,674-379-1572,566 Bluejay Way,Kasoa,Central,Ghana,5.532328,-0.440315,,Female,,7,
N000000247,nurse,Tamqrah,Gibbieson,745-702-0516,00641 Lakewood Alley,Kasoa,Central,Ghana,5.532328,-0.440315,,Female,,13,
N000000248,nurse,Simonne,Mustarde,812-103-7346,95 Boyd Terrace,Kasoa,Central,Ghana,5.532328,-0.440315,,Female,,16,
N000000249,nurse,Eduard,Tremolieres,872-507-8907,97 American Street,Kasoa,Central,Ghana,5.532328,-0.440315,,Male,,12,
N000000250,nurse,Aggy,Tiptaft,932-565-7729,90658 Summer Ridge Center,Kasoa,Central,Ghana,5.532328,-0.440315,,Female,,11,
N000000251,nurse,Rab,Swindley,775-557-6937,2 Longview Trail,Kasoa,Central,Ghana,5.532328,-0.440315,,Female,,3,
N000000252,nurse,Urbano,Gallamore,527-371-1829,2 Esch Hill,Kasoa,Central,Ghana,5.532328,-0.440315,,Male,,21,
N000000253,nurse,Halette,Chestle,222-366-4669,9 Ridge Oak Park,Kasoa,Central,Ghana,5.532328,-0.440315,,Female,,3,
N000000254,nurse,Armand,Picknett,729-132-4179,878 Oak Valley Place,Kasoa,Central,Ghana,5.532328,-0.440315,,Male,,17,
N000000255,nurse,Amara,Soutter,815-512-0316,02 Union Junction,Dunkwa-on-Offin,Central,Ghana,5.967700,-1.788277,,Male,,23,
N000000256,nurse,Corena,Kidney,330-188-1035,75 Talmadge Parkway,Dunkwa-on-Offin,Central,Ghana,5.967700,-1.788277,,Female,,4,
N000000257,nurse,Sheela,Feldbaum,753-839-9975,5 Esch Avenue,Dunkwa-on-Offin,Central,Ghana,5.967700,-1.788277,,Female,,16,
N000000258,nurse,Wenona,Gallahue,169-852-5501,24 Aberg Way,Dunkwa-on-Offin,Central,Ghana,5.967700,-1.788277,,Female,,9,
N000000259,nurse,Ebenezer,Timbs,388-152-3078,015 Charing Cross Center,Agona Swedru,Central,Ghana,5.528931,-0.699342,,Male,,20,
N000000260,nurse,Gusella,Forlonge,541-797-6237,86239 Clove Pass,Agona Swedru,Central,Ghana,5.528931,-0.699342,,Female,,20,
N000000261,nurse,Alexandre,Treadger,417-576-9727,0 Mayer Crossing,Agona Swedru,Central,Ghana,5.528931,-0.699342,,Male,,23,
N000000262,nurse,Joan,Guice,305-404-0353,64920 Dawn Lane,Agona Swedru,Central,Ghana,5.528931,-0.699342,,Female,,2,
N000000263,nurse,Jane,Lebang,419-309-7779,4304 Scoville Parkway,Agona Swedru,Central,Ghana,5.528931,-0.699342,,Female,,20,
N000000264,nurse,Othello,Gladdifh,923-638-6146,73 Clyde Gallagher Park,Agona Swedru,Central,Ghana,5.528931,-0.699342,,Male,,17,
N000000265,nurse,Michale,Rosenbush,503-347-0347,91288 Holmberg Lane,Goaso,Ahafo,Ghana,6.803617,-2.517096,,Male,,17,
N000000266,nurse,Cyndi,Camocke,773-399-4550,01 Gulseth Center,Goaso,Ahafo,Ghana,6.803617,-2.517096,,Female,,2,
N000000267,nurse,Blinni,Vasser,600-990-4032,8 Harper Avenue,Goaso,Ahafo,Ghana,6.803617,-2.517096,,Female,,19,
N000000268,nurse,Terri-jo,Kinsey,340-379-8855,0 Nevada Drive,Goaso,Ahafo,Ghana,6.803617,-2.517096,,Female,,18,
N000000269,nurse,Richardo,Schenfisch,396-762-7364,56 International Street,Goaso,Ahafo,Ghana,6.803617,-2.517096,,Male,,4,
N000000270,nurse,Catherin,Muggleton,871-602-8493,43274 Grim Junction,Goaso,Ahafo,Ghana,6.803617,-2.517096,,Female,,3,
N000000271,nurse,Rogerio,Leyman,523-236-0837,01 Mallard Court,Goaso,Ahafo,Ghana,6.803617,-2.517096,,Male,,10,
N000000272,nurse,Dorthea,Limbrick,979-453-0758,87523 Maywood Terrace,Ho,Volta,Ghana,6.606920,0.472639,,Female,,5,
N000000273,nurse,Irina,Habercham,499-973-3298,24581 Sachs Alley,Ho,Volta,Ghana,6.606920,0.472639,,Female,,8,
N000000274,nurse,Latrena,Pinnick,865-744-0146,0 Columbus Center,Ho,Volta,Ghana,6.606920,0.472639,,Female,,2,
N000000275,nurse,Thorndike,Mullane,639-505-4125,0827 John Wall Crossing,Ho,Volta,Ghana,6.606920,0.472639,,Male,,8,
N000000276,nurse,Lazar,Matitiaho,647-966-5272,544 Crest Line Junction,Ho,Volta,Ghana,6.606920,0.472639,,Male,,9,
N000000277,nurse,Weider,Gregr,966-438-1671,34 Crescent Oaks Lane,Ho,Volta,Ghana,6.606920,0.472639,,Male,,20,
N000000278,nurse,Hayward,Record,475-939-3756,394 Gina Junction,Ho,Volta,Ghana,6.606920,0.472639,,Male,,18,
N000000279,nurse,Marlowe,Barks,126-375-3143,1900 Elgar Street,Ho,Volta,Ghana,6.606920,0.472639,,Male,,4,
N000000280,nurse,Ramsey,Caddell,973-301-4094,034 Quincy Street,Hohoe,Volta,Ghana,7.154041,0.476711,,Male,,21,
N000000281,nurse,Flo,Stretton,316-591-1729,08268 Lukken Lane,Hohoe,Volta,Ghana,7.154041,0.476711,,Female,,12,
N000000282,nurse,Bondie,Blackaller,723-353-0291,15133 Lyons Street,Hohoe,Volta,Ghana,7.154041,0.476711,,Female,,19,
N000000283,nurse,Lelah,Caldeyroux,509-790-3962,6 Shelley Circle,Hohoe,Volta,Ghana,7.154041,0.476711,,Female,,17,
N000000284,nurse,Daryl,Iredale,891-381-8837,5238 Kipling Parkway,Hohoe,Volta,Ghana,7.154041,0.476711,,Female,,3,
N000000285,nurse,Happy,Worstall,270-355-4540,41091 Westport Point,Hohoe,Volta,Ghana,7.154041,0.476711,,Male,,3,
N000000286,nurse,Keven,Hyman,402-841-7625,180 Harper Lane,Dambai,Oti,Ghana,8.062048,0.182628,,Male,,5,
N000000287,nurse,Nadine,Pitkeathley,645-369-2675,503 Claremont Trail,Dambai,Oti,Ghana,8.062048,0.182628,,Female,,1,
N000000288,nurse,Judy,Cotgrove,908-379-9697,7746 Ilene Terrace,Dambai,Oti,Ghana,8.062048,0.182628,,Female,,13,
N000000289,nurse,Lester,Orwin,765-665-7382,95953 Westend Drive,Dambai,Oti,Ghana,8.062048,0.182628,,Male,,10,
N000000290,nurse,Andrea,Troyes,787-676-9508,6157 Cordelia Lane,Takoradi,Western,Ghana,4.902677,-1.767964,,Female,,23,
N000000291,nurse,Lenee,Lamping,154-683-8585,70 Hermina Parkway,Takoradi,Western,Ghana,4.902677,-1.767964,,Female,,6,
N000000292,nurse,Rosie,Lorenzin,805-122-9066,97768 Center Parkway,Takoradi,Western,Ghana,4.902677,-1.767964,,Female,,3,
N000000293,nurse,Ardelia,Paulisch,291-330-7933,038 Ridgeview Road,Takoradi,Western,Ghana,4.902677,-1.767964,,Female,,4,
N000000294,nurse,Lamond,Tapsell,526-970-5598,501 Gulseth Pass,Takoradi,Western,Ghana,4.902677,-1.767964,,Male,,24,
N000000295,nurse,Myrah,Palethorpe,185-248-0705,147 2nd Hill,Takoradi,Western,Ghana,4.902677,-1.767964,,Female,,14,
N000000296,nurse,Rube,Moretto,635-333-1989,2 Hoepker Street,Takoradi,Western,Ghana,4.902677,-1.767964,,Male,,11,
N000000297,nurse,Amandy,Songhurst,468-408-4308,541 Pleasure Place,Takoradi,Western,Ghana,4.902677,-1.767964,,Female,,11,
N000000298,nurse,Stephan,Trouncer,343-712-8736,87642 Aberg Point,Takoradi,Western,Ghana,4.902677,-1.767964,,Male,,2,
N000000299,nurse,Arnaldo,Branca,765-352-1596,20 Oneill Trail,Tarkwa,Western,Ghana,5.306196,-1.995008,,Male,,16,
N000000300,nurse,Donn,Lankester,807-734-2326,86 Riverside Way,Tarkwa,Western,Ghana,5.306196,-1.995008,,Male,,17,
N000000301,nurse,Jorry,Scyone,939-690-4217,04575 Thackeray Road,Tarkwa,Western,Ghana,5.306196,-1.995008,,Female,,15,
N000000302,nurse,Klement,Antyukhin,559-201-7911,5358 Knutson Hill,Tarkwa,Western,Ghana,5.306196,-1.995008,,Male,,10,
N000000303,nurse,Egor,Bryan,862-160-7705,85 Fallview Place,Tarkwa,Western,Ghana,5.306196,-1.995008,,Male,,4,
N000000304,nurse,Noami,Brownbill,523-564-2222,69 Mallard Pass,Tarkwa,Western,Ghana,5.306196,-1.995008,,Female,,8,
N000000305,nurse,Darci,Korf,517-585-9202,97472 Saint Paul Crossing,Tarkwa,Western,Ghana,5.306196,-1.995008,,Female,,17,
N000000306,nurse,Kingston,Slimme,413-339-4260,817 Butterfield Park,Atuabo,Western,Ghana,4.996447,-2.626647,,Male,,22,
N000000307,nurse,Clyve,Jasiak,418-468-2325,90 Springview Hill,Atuabo,Western,Ghana,4.996447,-2.626647,,Male,,4,
N000000308,nurse,Brewster,Stryde,792-355-9723,13548 Center Place,Atuabo,Western,Ghana,4.996447,-2.626647,,Male,,11,
N000000309,nurse,Cris,Bellon,513-796-4314,12 Autumn Leaf Street,Atuabo,Western,Ghana,4.996447,-2.626647,,Male,,18,
N000000310,nurse,Jessamyn,Vel,138-226-7881,48 Pearson Avenue,Tamale,Northern,Ghana,9.404488,-0.842619,,Female,,20,
N000000311,nurse,Boony,Tryme,222-340-8421,59 Forster Avenue,Tamale,Northern,Ghana,9.404488,-0.842619,,Male,,17,
N000000312,nurse,Matthaeus,Topping,968-411-8069,6818 Hagan Road,Tamale,Northern,Ghana,9.404488,-0.842619,,Male,,23,
N000000313,nurse,Bird,Drennan,525-743-1944,6907 Emmet Court,Tamale,Northern,Ghana,9.404488,-0.842619,,Female,,12,
N000000314,nurse,Wald,Britzius,262-577-9271,1505 John Wall Court,Tamale,Northern,Ghana,9.404488,-0.842619,,Male,,18,
N000000315,nurse,Griffith,Rootham,232-271-9324,8313 Straubel Hill,Tamale,Northern,Ghana,9.404488,-0.842619,,Male,,6,
N000000316,nurse,Odelle,Besantie,405-931-5349,06865 Dawn Pass,Tamale,Northern,Ghana,9.404488,-0.842619,,Female,,19,
N000000317,nurse,Laura,Vogeller,676-318-1670,19 Blue Bill Park Lane,Tamale,Northern,Ghana,9.404488,-0.842619,,Female,,17,
N000000318,nurse,Nial,Grand,264-953-3456,292 Iowa Street,Tamale,Northern,Ghana,9.404488,-0.842619,,Male,,13,
N000000319,nurse,Delainey,Edwinson,615-718-9937,2266 Pine View Lane,Tamale,Northern,Ghana,9.404488,-0.842619,,Male,,19,
N000000320,nurse,Haze,Minister,562-399-3539,16376 Memorial Drive,Tamale,Northern,Ghana,9.404488,-0.842619,,Male,,23,
N000000321,nurse,Marillin,Andrelli,772-755-9561,79 Sloan Park,Tamale,Northern,Ghana,9.404488,-0.842619,,Female,,6,
N000000322,nurse,Steven,Cosgriff,194-818-5308,0 Kropf Alley,Tamale,Northern,Ghana,9.404488,-0.842619,,Male,,10,
N000000323,nurse,Dacie,Wakeford,334-766-6465,479 Bowman Parkway,Yendi,Northern,Ghana,9.442582,-0.006363,,Female,,9,
N000000324,nurse,Tris,Brech,885-426-9921,3 Onsgard Park,Yendi,Northern,Ghana,9.442582,-0.006363,,Male,,15,
N000000325,nurse,Emmey,Arnson,110-220-3810,0804 Sundown Road,Yendi,Northern,Ghana,9.442582,-0.006363,,Female,,1,
N000000326,nurse,Hetti,Brammer,224-248-4757,908 Del Mar Park,Yendi,Northern,Ghana,9.442582,-0.006363,,Female,,22,
N000000327,nurse,Jessamyn,Wynes,660-465-4719,16 Dovetail Road,Yendi,Northern,Ghana,9.442582,-0.006363,,Male,,7,
N000000328,nurse,Robb,Masding,123-807-6059,528 Mendota Hill,Kpandai,Northern,Ghana,8.473852,-0.010590,,Male,,21,
N000000329,nurse,Muffin,Ciccotti,397-932-4487,26 Sauthoff Drive,Kpandai,Northern,Ghana,8.473852,-0.010590,,Female,,9,
N000000330,nurse,Concordia,Ferry,923-178-8535,32471 Oakridge Alley,Kpandai,Northern,Ghana,8.473852,-0.010590,,Female,,17,
N000000331,nurse,Xylia,Smorthit,388-390-7800,26 Anhalt Trail,Wa,Upper West,Ghana,10.062751,-2.498021,,Female,,2,
N000000332,nurse,Caleb,Follis,193-864-4425,4296 Raven Parkway,Wa,Upper West,Ghana,10.062751,-2.498021,,Male,,11,
N000000333,nurse,Tull,Zannutti,500-690-2265,2009 Lawn Park,Wa,Upper West,Ghana,10.062751,-2.498021,,Male,,22,
N000000334,nurse,Adolph,Arnholdt,679-467-2291,02900 Namekagon Way,Wa,Upper West,Ghana,10.062751,-2.498021,,Male,,5,
N000000335,nurse,Larry,MacKellar,838-711-6837,3 Talisman Center,Wa,Upper West,Ghana,10.062751,-2.498021,,Male,,18,
N000000336,nurse,Catlee,Surgison,711-644-2656,243 Marcy Plaza,Bolgatanga,Upper East,Ghana,10.781678,-0.853490,,Female,,13,
N000000337,nurse,Norbert,Keach,462-100-8959,2 Jackson Parkway,Bolgatanga,Upper East,Ghana,10.781678,-0.853490,,Male,,21,
N000000338,nurse,Rhodia,Chapier,920-879-1590,49 Delladonna Center,Bolgatanga,Upper East,Ghana,10.781678,-0.853490,,Male,,10,
N000000339,nurse,Lyn,Minnette,698-660-3735,01391 Darwin Circle,Bolgatanga,Upper East,Ghana,10.781678,-0.853490,,Male,,19,
N000000340,nurse,Zara,Peploe,824-397-5548,878 Amoth Park,Bolgatanga,Upper East,Ghana,10.781678,-0.853490,,Female,,18,
N000000341,nurse,Yetty,Goodband,551-306-1792,6 Crescent Oaks Place,Bolgatanga,Upper East,Ghana,10.781678,-0.853490,,Female,,20,
N000000342,nurse,Carmel,Bonicelli,768-649-5794,5574 Ohio Crossing,Bolgatanga,Upper East,Ghana,10.781678,-0.853490,,Female,,2,
N000000343,nurse,Sherrie,Preon,871-259-5163,48642 Ronald Regan Drive,Bawku,Upper East,Ghana,11.059883,-0.242284,,Female,,21,
N000000344,nurse,Carroll,Yushkov,835-706-6011,9993 Morrow Plaza,Bawku,Upper East,Ghana,11.059883,-0.242284,,Male,,2,
N000000345,nurse,Urbain,Tracy,287-848-7701,038 Burning Wood Plaza,Bawku,Upper East,Ghana,11.059883,-0.242284,,Male,,2,
N000000346,nurse,Zonda,Swalwell,907-476-1611,8082 Marcy Point,Bawku,Upper East,Ghana,11.059883,-0.242284,,Female,,3,
N000000347,nurse,Constantine,Greenaway,560-560-4202,68139 Straubel Place,Bawku,Upper East,Ghana,11.059883,-0.242284,,Female,,7,
N000000348,nurse,Chan,Selbie,591-721-3866,5 West Crossing,Techiman,Bono East,Ghana,7.590662,-1.939321,,Male,,3,
N000000349,nurse,Marjory,Cathesyed,178-997-0958,28541 Meadow Ridge Circle,Techiman,Bono East,Ghana,7.590662,-1.939321,,Female,,24,
N000000350,nurse,Nicholas,Audrey,829-183-8460,94971 Rigney Drive,Techiman,Bono East,Ghana,7.590662,-1.939321,,Male,,16,
N000000351,nurse,Ingamar,Barensky,500-235-3958,3680 Bluestem Avenue,Techiman,Bono East,Ghana,7.590662,-1.939321,,Male,,10,
N000000352,nurse,Brantley,Inglesant,438-283-2683,06856 Oakridge Pass,Techiman,Bono East,Ghana,7.590662,-1.939321,,Male,,12,
N000000353,nurse,Darlene,Chifney,915-844-9977,200 Del Mar Lane,Kintampo,Bono East,Ghana,8.053556,-1.726701,,Female,,18,
N000000354,nurse,Lishe,Shapero,262-270-6694,98696 Miller Place,Kintampo,Bono East,Ghana,8.053556,-1.726701,,Female,,1,
N000000355,nurse,Chuck,MacGilpatrick,792-664-3713,073 Nobel Plaza,Kintampo,Bono East,Ghana,8.053556,-1.726701,,Male,,8,
N000000356,nurse,Oran,Cochern,552-436-7387,9 4th Way,Kintampo,Bono East,Ghana,8.053556,-1.726701,,Male,,11,
N000000357,nurse,Rosabella,Breagan,879-990-9852,3 Independence Way,Nalerigu,North East,Ghana,10.520997,-0.366816,,Female,,11,
N000000358,nurse,Kitti,Oldknow,905-974-4152,8 Mandrake Center,Nalerigu,North East,Ghana,10.520997,-0.366816,,Female,,2,
N000000359,nurse,Gaston,Ferry,220-855-8898,498 Havey Avenue,Damongo,Savannah,Ghana,9.085301,-1.820343,,Male,,9,
N000000360,nurse,Lela,Poyle,541-798-6446,1 Bobwhite Hill,Damongo,Savannah,Ghana,9.085301,-1.820343,,Female,,14,
N000000361,nurse,Rosalia,Stockoe,424-320-4147,837 Loeprich Circle,Damongo,Savannah,Ghana,9.085301,-1.820343,,Female,,13,
N000000362,nurse,Warren,Copley,406-816-6399,2054 Kedzie Crossing,Damongo,Savannah,Ghana,9.085301,-1.820343,,Male,,9,
