NID,firstname,lastname,telephone,address,city,gender,years_experience,facilityID
N7776163,Herta,Byron,424-429-0913,88595 Waubesa Circle,Hohoe,Female,6,
N1906981,Mariele,Acuna,618-843-3706,2 Graedel Park,Cape Coast,Female,12,
N1542687,Abel,Cotterrill,108-664-9781,5668 Cardinal Road,Bekwai,Male,13,
N3974583,Torin,Bolter,717-706-8572,39 Carey Center,Tarkwa,Male,18,
N3544027,Raychel,Whistance,197-668-4272,28 Buhler Parkway,Keta,Female,8,
N7650487,Gabi,Coucha,240-222-8153,1654 Clemons Circle,Gbawe,Female,9,
N4170933,Annamaria,Abrahmovici,539-583-2631,80 Basil Pass,Hohoe,Female,1,
N6165716,Brnaba,Weigh,550-191-3415,9798 Oak Hill,Gbawe,Male,7,
N8939611,Tabby,Buckenham,622-160-6570,4683 Springs Center,Winneba,Male,24,
N3614939,Mindy,Labbati,946-200-6174,297 Pond Way,Dome,Female,14,
N8619126,Shannan,Belliveau,515-887-2725,5600 Macpherson Hill,Hohoe,Male,13,
N1001238,Kellsie,Maps,312-154-9385,03823 Summer Ridge Drive,Foso,Female,21,
N4067475,Stanleigh,Drewe,663-480-8669,074 Valley Edge Parkway,Akim Oda,Male,8,
N4161151,Baron,Momery,142-126-7744,3 Walton Point,Saltpond,Male,17,
N2023598,Alena,Biasio,963-310-4797,433 Shoshone Road,Wassa-Akropong,Female,17,
N8901328,Charline,Zecchini,605-365-8112,78 Orin Lane,Prestea,Female,6,
N6555543,Karena,Howlin,303-928-9240,3 Green Ridge Hill,Kete Krachi,Female,20,
N7509422,Melodee,Bentall,898-148-6216,3769 Rieder Place,Mamponteng,Female,6,
N2874705,Giralda,Randals,395-729-4158,1089 Gale Plaza,Tarkwa,Female,19,
N8712145,Curcio,Manhood,736-636-2353,9697 Pierstorff Trail,Tafo,Male,14,
N8447297,Miquela,Brixham,152-236-2604,139 Park Meadow Plaza,Tarkwa,Female,22,
N3832095,Timothy,Karlqvist,550-425-7123,514 Ryan Road,Asamankese,Male,12,
N2032433,Fredric,Magner,617-855-3805,5224 Dryden Parkway,Kasoa,Male,13,
N1200036,Becka,Gillett,414-447-9124,8 Russell Trail,Winneba,Female,14,
N2615701,Alyssa,Groocock,654-691-0796,4 Orin Center,Akim Oda,Male,17,
N4055136,Cirillo,Moens,926-229-8711,93269 Ridgeview Lane,Mamponteng,Male,9,
N7617184,Josee,Ruckman,846-530-4315,2856 Comanche Circle,Bibiani,Female,6,
N6863770,Codee,Seares,428-821-7272,218 Morningstar Way,Bibiani,Female,15,
N5729089,Shurlocke,Ashwin,722-209-8009,34537 Caliangt Crossing,Achiaman,Male,11,
N6075360,Lisette,Coltart,701-679-0714,011 Blackbird Plaza,Akim Oda,Female,16,
N7561620,Davy,Shipp,650-624-6718,7717 Fallview Avenue,Berekum,Male,9,
N5680632,Yvette,Santry,120-471-6856,73178 John Wall Circle,Bekwai,Female,18,
N6578709,Nanon,Flux,809-493-7699,2 Cardinal Crossing,Prestea,Female,4,
N2421741,Kevan,Bill,513-393-0647,9690 Blackbird Place,Medina Estates,Male,20,
N8592019,Esme,Emmanuele,715-467-5366,10885 Bayside Point,Obuasi,Male,9,
N8969611,Sinclare,Traise,762-570-7126,99 Northland Terrace,Tarkwa,Male,5,
N1337778,Lucius,Sinott,704-422-5062,0214 Badeau Parkway,Foso,Male,4,
N4730035,Victoir,Cawsby,468-185-3617,8 Riverside Plaza,Tarkwa,Male,14,
N5137252,Bernardo,Betton,838-244-5236,5 Ruskin Hill,Mampong,Male,22,
N1895051,Wadsworth,Linnit,147-338-6121,46205 Marquette Plaza,Wassa-Akropong,Male,4,
N3468767,Gabie,Skipp,415-229-0464,57524 Sunnyside Place,Duayaw Nkwanta,Female,24,
N7615095,Guinevere,Bedlington,718-404-0776,09 Daystar Way,Dome,Female,11,
N7174998,Kati,Aucourte,805-465-1965,048 Fair Oaks Lane,Savelugu,Male,16,
N8128244,Ewen,Van Driel,483-254-9325,5922 Utah Alley,Berekum,Male,21,
N4480799,Baldwin,Duigenan,314-128-4068,54 Rockefeller Lane,Ho,Male,11,
N1740023,Cordy,Cowper,520-680-3131,807 Hoepker Plaza,Wenchi,Male,11,
N1683180,Morris,Rousell,305-213-0654,144 Melody Hill,Keta,Male,11,
N5404754,Giselbert,Edmett,604-278-2261,41 Kennedy Crossing,Dome,Male,5,
N1400753,Kurtis,Humfrey,987-886-0209,676 Arrowood Parkway,Cape Coast,Male,12,
N7017087,Leyla,Lodden,448-205-7443,7443 Sunnyside Terrace,Swedru,Female,11,
N8112206,Michele,Plumbridge,823-902-9031,287 Calypso Center,Mamponteng,Male,4,
N2762986,Anna-diana,Custard,833-958-7922,1 Calypso Alley,Winneba,Female,16,
N6115020,Micheline,Ghidini,842-712-2372,36 Hermina Road,Keta,Female,10,
N8948371,Carleton,Dunsford,851-633-3033,5662 Shasta Crossing,Akim Oda,Female,24,
N8355490,Kahlil,Gitting,794-633-9932,3 Dixon Avenue,Foso,Male,6,
N1113762,Alexandrina,Spracklin,861-958-1277,83 Grim Trail,Hohoe,Female,12,
N8243617,Leticia,Koppes,679-618-1277,740 Eggendart Hill,Saltpond,Male,12,
N5189456,Bertina,Khrishtafovich,283-823-5786,53 Menomonie Road,Akim Swedru,Female,14,
N7000543,Lorianne,Skym,621-939-4705,97 Mockingbird Terrace,Asamankese,Female,21,
N6978276,L;urette,Emmot,497-912-1223,1 Dovetail Point,Achiaman,Female,2,
N8043960,Nessie,Renahan,486-723-5726,27786 Pierstorff Way,Akim Swedru,Female,2,
N1301326,Sly,Goligly,272-427-9919,723 Thompson Park,Cape Coast,Male,7,
N7390345,Tammie,Rabson,156-927-1338,80 8th Avenue,Akim Swedru,Male,9,
N5588039,Terrye,Anand,517-732-3720,4472 Florence Avenue,Savelugu,Female,20,
N5120679,Dalia,Baron,357-895-3415,6 Atwood Lane,Bekwai,Male,2,
N2617445,Gerda,O'Brallaghan,953-236-8101,042 Alpine Parkway,Keta,Female,12,
N3865206,Travers,Pemble,989-200-9405,36549 Huxley Court,Gbawe,Male,23,
N5462331,Fairfax,Petchell,895-831-5158,1 Utah Center,Tarkwa,Male,10,
N3466893,Kristyn,Albone,952-402-2445,012 Fair Oaks Avenue,Gbawe,Female,17,
N5330532,Aubree,Waryk,352-794-3113,80453 Stoughton Drive,Foso,Female,3,
N1735026,Nancy,Carress,103-436-0842,913 Dovetail Park,Akim Oda,Female,12,
N5656595,Crissy,Gideon,342-981-6236,95346 Grover Pass,Bekwai,Male,18,
N7837776,Francene,Wathall,641-459-0075,36 Toban Junction,Akim Swedru,Female,8,
N7468508,Celisse,Boughton,305-676-6233,68 Myrtle Crossing,Mampong,Female,21,
N1403196,Ede,Tippings,827-806-3141,05 Lakeland Hill,Winneba,Female,24,
N5788903,Grant,Luesley,246-418-8923,15593 Sommers Hill,Bekwai,Male,12,
N1335058,Alvan,Gioani,523-129-9969,29152 Golden Leaf Street,Savelugu,Male,3,
N7646968,Emerson,Howland,861-413-2385,5 Mariners Cove Trail,Bibiani,Male,14,
N2197491,Kesley,Paur,989-801-3502,924 Cardinal Court,Akropong,Female,8,
N3549967,Justus,Attyeo,367-254-5359,3995 Forest Run Pass,Swedru,Male,21,
N2612503,Herbie,Dryburgh,137-555-1595,69159 Forster Terrace,Gbawe,Male,5,
N1171426,Garfield,Lemmanbie,367-649-9686,4151 Starling Alley,Kete Krachi,Male,5,
N2974182,Virginia,Daddow,337-604-6372,3424 Logan Avenue,Dome,Female,19,
N7933094,Vin,Stothart,134-570-5288,91 Merrick Circle,Foso,Male,18,
N3117997,Pace,Faircliffe,876-875-6446,6 5th Parkway,Bekwai,Female,8,
N1406946,Corny,Sorsby,654-324-6486,572 Grim Plaza,Mpraeso,Male,17,
N4145131,Benjamin,MacCawley,704-731-3940,982 Daystar Way,Akim Swedru,Male,14,
N6364254,Ansell,Storrah,756-921-1717,89080 Veith Pass,Mamponteng,Male,23,
N7870950,Windham,Willatts,294-537-3192,89 Tennyson Avenue,Keta,Male,5,
N2220436,Gav,Turmell,393-222-1897,92159 Twin Pines Point,Gbawe,Male,9,
N3667974,Killy,Menco,219-329-2412,79 Doe Crossing Trail,Duayaw Nkwanta,Male,23,
N2919249,Carroll,Sigsworth,320-973-3712,50 Fairfield Park,Obuasi,Female,2,
N3141779,Paige,Geydon,511-360-6558,2491 Maryland Terrace,Wenchi,Female,22,
N1210153,Kelcey,Coatman,828-458-8492,4 Cody Place,Wa,Female,23,
N4369009,Rudy,Drioli,572-236-1125,8 Dwight Lane,Prestea,Male,18,
N3871886,Erica,Linfield,741-409-1501,07 Londonderry Street,Hohoe,Female,12,
N6292755,Opalina,Olyff,771-458-0705,9 David Street,Winneba,Female,12,
N8859515,Herbert,Mollindinia,141-361-4737,49350 American Ash Place,Tarkwa,Male,21,
N1097326,Guthry,Wiffler,683-608-0985,942 Kennedy Place,Wassa-Akropong,Male,18,
N7460665,Morissa,Pickthall,161-152-4856,13 Walton Terrace,Berekum,Female,14,
N8713522,Minny,Titley,971-827-1009,4 Mandrake Point,Akim Oda,Female,19,
N2476472,Bartolomeo,Gonet,620-294-4200,8 Bobwhite Drive,Keta,Male,14,
N2337327,Erskine,Manicomb,502-595-1311,81 Gina Hill,Prestea,Male,18,
N6514082,Helenelizabeth,Surpliss,968-500-9989,845 Parkside Hill,Bibiani,Female,11,
N3361165,Candie,Plenderleith,403-232-7160,9373 Hollow Ridge Pass,Gbawe,Female,24,
N8880745,Rosita,Lacase,125-422-5815,05 Monterey Center,Prestea,Female,5,
N3483518,Frasco,Larmour,645-689-1264,9 Beilfuss Plaza,Wassa-Akropong,Male,1,
N4034405,Phyllis,Sylvester,875-271-6067,1485 Mcguire Point,Swedru,Female,5,
N5280102,Sayre,Birdfield,249-736-6343,6 Sachtjen Pass,Hohoe,Male,16,
N6763732,Gretna,Oret,300-770-0806,737 Badeau Pass,Sekondi-Takoradi,Female,21,
N6612610,Claude,Meineck,813-343-1947,9 Oneill Park,Dome,Female,17,
N6856586,Tawnya,Sutcliff,906-501-0740,3 Monument Way,Mamponteng,Female,24,
N6333186,Marten,Applebee,448-396-7801,6878 Fordem Center,Tarkwa,Male,15,
N7523400,Jocelin,Lightowler,971-919-7093,5340 Hayes Circle,Ho,Female,9,
N2297280,Florencia,Glide,783-585-3109,918 Elmside Parkway,Keta,Female,22,
N5808385,Hillard,Davydychev,655-589-9711,6 Saint Paul Road,Kete Krachi,Male,6,
N4616331,Noami,Redier,923-424-4218,09163 Evergreen Junction,Kasoa,Female,2,
N4831495,Ursa,Titcomb,707-187-5868,5 Steensland Pass,Asamankese,Female,11,
N8736293,Ina,Rainforth,218-208-6210,19945 Warrior Terrace,Bibiani,Female,14,
N7331033,Dar,Boddy,582-186-8160,84187 Doe Crossing Point,Duayaw Nkwanta,Male,7,
N4502114,Mile,Vannoort,650-347-0635,4358 Schurz Plaza,Saltpond,Male,7,
N1669420,Cami,MacNess,870-388-1324,5 Manitowish Circle,Wassa-Akropong,Female,3,
N2974869,Guilbert,Jeavons,121-691-3172,53865 Tomscot Lane,Foso,Male,13,
N1610615,Nathanial,Slayny,443-305-8975,4 Barnett Hill,Keta,Male,20,
N4697738,Tonie,Stolberg,163-455-7022,555 Hoepker Point,Mpraeso,Female,21,
N7161586,Clarine,Kuhnhardt,502-300-9273,09 Kipling Road,Obuasi,Female,18,
N5505927,Keefe,Lacey,674-419-6029,16026 Maywood Street,Savelugu,Male,15,
N6685498,Daniela,Chaters,666-651-5596,46 Bartelt Point,Saltpond,Female,20,
N6341535,Adolph,Winmill,357-287-2384,50001 Oneill Drive,Wassa-Akropong,Male,20,
N5937717,Farris,Gatcliff,715-706-6206,68 Cambridge Center,Duayaw Nkwanta,Male,16,
N1267797,Julee,Manterfield,704-765-0790,22229 Hollow Ridge Street,Dome,Female,1,
N2895602,Andeee,Boatwright,586-665-6565,643 Express Trail,Tafo,Female,11,
N1531663,Shalom,Mustchin,657-309-5082,90 Golf Terrace,Hohoe,Female,14,
N1526890,Britt,Scammonden,605-836-1342,995 Scofield Way,Sekondi-Takoradi,Female,10,
N7512149,Berton,Keems,195-510-9056,40 Nevada Court,Wassa-Akropong,Male,12,
N8282325,Arleen,Gready,908-638-3304,4 Loeprich Center,Prestea,Female,7,
N3892159,Nappy,Girardez,671-131-4479,0192 Butternut Trail,Konongo,Male,3,
N8059411,Billie,Colloff,368-160-2097,285 Sheridan Place,Keta,Female,8,
N6565373,Melonie,Beckenham,747-896-1868,137 David Street,Savelugu,Female,4,
N2311210,Torie,Antosch,336-921-9590,507 Weeping Birch Place,Wassa-Akropong,Female,20,
N7790583,Amble,Bohills,554-350-8686,949 Sauthoff Circle,Gbawe,Male,12,
N8215169,Sumner,Coil,451-961-5492,1 Buell Crossing,Cape Coast,Male,2,
N1221604,Gwenneth,Billo,946-253-9260,608 Monterey Way,Akim Swedru,Female,14,
N3550219,Shaine,Jepps,148-649-1998,643 Forster Way,Bibiani,Male,15,
N2820270,Stanislas,Wathen,460-668-6634,5589 Pennsylvania Road,Keta,Male,22,
N2433814,Debby,O'Fielly,508-537-2468,16497 Hazelcrest Pass,Swedru,Female,12,
N5117794,Demetria,Garrould,714-189-4306,79459 Michigan Plaza,Savelugu,Female,3,
N4222223,Stefan,Bloxham,626-470-3270,82 Elmside Drive,Bibiani,Male,14,
N2212162,Putnem,Dimitrie,687-440-8512,71001 Briar Crest Circle,Kete Krachi,Male,15,
N6017834,Akim,O'Sheerin,100-703-7222,49309 Schlimgen Park,Prestea,Male,19,
N8742622,Constancia,Luebbert,574-754-5946,9 Schlimgen Plaza,Mamponteng,Male,3,
N8651253,Chandler,Jovicevic,122-497-9087,76315 Schurz Place,Konongo,Male,4,
N2145454,Harbert,Ballach,970-257-1600,16833 Parkside Alley,Akim Swedru,Male,15,
N8458289,Pyotr,Oram,380-524-8842,55185 Prairie Rose Crossing,Kasoa,Male,13,
N5606797,Gabrielle,Mawby,864-217-4019,09850 Arapahoe Crossing,Wa,Female,11,
N6209069,Sindee,Pidon,513-933-1771,330 Columbus Plaza,Wenchi,Female,6,
N5004498,Maxy,Stedmond,431-210-2922,9070 Ridge Oak Junction,Mpraeso,Male,15,
N6211206,Bart,Hischke,917-908-6296,11 Sullivan Point,Kasoa,Male,4,
N4239648,Thibaut,Binch,938-589-9036,289 Dwight Crossing,Tafo,Male,20,
N8816641,Jade,Truscott,633-204-8952,51335 Holmberg Junction,Akropong,Female,21,
N7023828,Karylin,Clair,518-855-1021,06 Farmco Plaza,Medina Estates,Female,16,
N3984107,Barbra,Goodman,245-934-9533,0354 Gale Road,Duayaw Nkwanta,Female,14,
N6074546,Gill,Chadbourne,250-399-0616,0920 Nancy Junction,Konongo,Male,11,
N6960592,Arabele,Yedall,200-855-3744,795 Kensington Point,Wenchi,Female,6,
N4352067,Martica,Thunder,124-526-9085,3 Eastwood Place,Ho,Female,3,
N6832306,Dalton,Warrener,541-717-8275,24392 Manley Avenue,Wa,Male,23,
N6903184,Swen,Cockrill,145-584-0857,61407 Logan Alley,Asamankese,Male,8,
N8894408,Farra,Hurrion,556-602-7853,7 Florence Street,Akim Oda,Female,14,
N1087922,Haven,Dudbridge,679-179-8729,33742 Clemons Way,Agogo,Male,10,
N4624560,Emelen,Loughren,103-836-6321,994 Moland Center,Gbawe,Male,12,
N4547920,Uriah,Gilpin,557-615-5831,4435 Schurz Hill,Asamankese,Female,7,
N7541588,Norina,Simoneschi,193-509-3847,6 Mitchell Court,Wassa-Akropong,Female,10,
N4350548,Garik,Wharton,316-203-3871,4869 Carey Terrace,Hohoe,Male,5,
N4303869,Goldi,Aughtie,155-680-3724,28734 7th Way,Wenchi,Female,14,
N5299826,Maryann,Molnar,351-654-1829,00991 Scoville Center,Kasoa,Female,14,
N3295700,Cecile,Ruxton,190-985-9488,67 Farmco Way,Obuasi,Female,7,
N2486263,Felice,Parsell,652-199-9613,401 Ridgeway Avenue,Akim Swedru,Female,21,
N6803776,Evie,Portugal,778-508-1979,67015 Raven Park,Berekum,Female,4,
N8771764,Ebonee,Mammatt,293-921-0654,14 Fallview Park,Sekondi-Takoradi,Female,10,
N2733727,Annie,Mainds,346-381-9222,4326 Macpherson Trail,Bibiani,Female,15,
N2535603,Brenn,Riquet,165-889-0484,6 Morning Place,Saltpond,Female,20,
N1758462,Mildred,Caldecott,354-735-6753,25445 Mayfield Lane,Mpraeso,Female,20,
N7464128,Rouvin,Chotty,178-627-8680,72 Lakeland Alley,Sekondi-Takoradi,Male,22,
N5286297,Linoel,Corkan,655-402-3304,80064 Anhalt Circle,Gbawe,Male,12,
N8269219,Ardys,Luscott,838-403-6870,2 Portage Terrace,Asamankese,Female,21,
N3247007,Ronnie,Catling,867-836-5609,00516 Carey Lane,Prestea,Male,15,
N6449990,Hunfredo,Sign,400-985-7630,43849 Southridge Point,Konongo,Male,6,
N3610133,Isak,Cymper,596-667-0901,960 Scoville Trail,Tafo,Male,7,
N4692467,Dagny,Bastiman,737-447-8194,1680 Harbort Avenue,Berekum,Female,24,
N7686055,Efren,Ivanyushkin,835-158-0548,994 Loeprich Court,Cape Coast,Male,18,
N3408853,Hy,De Bruijne,626-985-7549,54019 Saint Paul Plaza,Kasoa,Male,19,
N6734828,Tiffy,Gudde,908-853-3254,484 Pine View Hill,Savelugu,Female,4,
N8790992,Darbee,Pumfrey,302-146-2139,5 Declaration Alley,Wenchi,Male,9,
N8592366,Bayard,Florence,902-505-4972,446 Milwaukee Center,Dome,Male,16,
N7651795,Locke,Kewley,284-907-3957,1 Utah Circle,Akim Swedru,Male,1,
N6149537,Elmore,Duetschens,890-306-4134,80601 Lakewood Gardens Way,Savelugu,Male,12,
N6462310,Frederigo,Moneti,935-126-4795,5 Russell Terrace,Tarkwa,Male,4,
N5657067,Christye,Sphinxe,272-673-2683,0 Knutson Plaza,Wenchi,Female,12,
N2150791,Cleon,Lavers,413-952-1993,930 Fisk Avenue,Akropong,Male,13,
N5892160,Tedd,Hartshorne,133-831-0016,5520 Kennedy Hill,Akropong,Male,6,
N1446490,Aloysius,Gatty,455-127-9856,44 Bunting Parkway,Sekondi-Takoradi,Male,13,
N8580514,Jeannette,Woloschinski,327-563-1119,49 Briar Crest Circle,Asamankese,Female,7,
N1121025,Wallis,Quillinane,909-560-7217,71558 Donald Point,Konongo,Male,12,
N8797307,Ardis,Peerman,782-304-5456,5 Saint Paul Street,Wassa-Akropong,Female,14,
N6754233,Garek,Windrus,208-945-7819,24736 Esch Terrace,Mamponteng,Male,18,
N7442301,Spence,Gilpin,764-503-6271,9 Chinook Center,Dome,Male,13,
N1611406,Gordy,Huelin,434-722-6039,60433 Heath Park,Obuasi,Male,21,
N1013187,Matt,Lipp,179-146-0730,1511 Melby Drive,Medina Estates,Male,14,
N3100934,Eugenia,Stainson,719-384-0111,0653 Old Shore Pass,Akim Oda,Female,20,
N5665214,Deloris,Easlea,793-146-1849,5323 Debs Way,Bekwai,Female,15,
N3279703,Cosette,Matyashev,960-905-1404,333 Declaration Plaza,Hohoe,Female,20,
N3841049,Toddie,Kornyshev,203-856-6512,0178 Center Alley,Mamponteng,Male,16,
N3531426,Merwyn,Dencs,294-135-3442,1 Fair Oaks Way,Wa,Male,22,
N8970620,Luke,Shaw,437-797-0396,52 Briar Crest Center,Akropong,Male,14,
N7657766,Suzanne,O'Dempsey,897-175-4789,53548 Brentwood Street,Mampong,Male,3,
N5108774,Scarlet,Grinston,202-121-5839,2 Del Mar Hill,Obuasi,Female,24,
N5794116,Willem,Mobius,606-552-4913,1 Briar Crest Crossing,Achiaman,Male,19,
N4989969,Leonard,Coldham,115-526-0583,5 Spaight Trail,Saltpond,Male,6,
N2441510,Emmye,Gantlett,517-231-8628,10667 Montana Terrace,Agogo,Female,24,
N1728267,Ralf,Dowse,146-413-8693,75 Bartelt Trail,Wassa-Akropong,Male,10,
N7970093,Ignacius,Dallywater,935-214-9456,2 Colorado Drive,Wa,Male,16,
N2246345,Coletta,Baine,835-746-9122,49 Fuller Park,Mamponteng,Female,3,
N7665502,Nalani,Rabbet,731-418-1532,72740 Marcy Way,Akim Swedru,Female,5,
N2506140,Herculie,Rosenfeld,501-558-6256,02603 Judy Place,Akropong,Male,1,
N1476867,Timothy,Alpe,233-368-6733,7695 Union Parkway,Wassa-Akropong,Male,14,
N2925581,Guillaume,Noweak,525-413-7217,8 Green Ridge Parkway,Cape Coast,Male,11,
N3384270,Benjamen,Georgeot,409-994-9068,25 Vera Hill,Kasoa,Male,10,
N3226828,Christean,Morrilly,964-506-3063,012 Moulton Terrace,Ho,Female,2,
N4850451,Rici,Kenningley,977-349-6643,67684 Dovetail Road,Winneba,Female,7,
N1670940,Evangelia,Heinl,130-558-7635,72 Shelley Terrace,Akim Swedru,Female,4,
N8500346,Abbie,Garvie,811-731-1350,03055 Hayes Park,Saltpond,Male,20,
N2294628,Errick,O' Kelleher,763-958-9980,3 Jana Circle,Prestea,Male,17,
N5882037,Mildrid,Solan,282-356-3567,499 Donald Plaza,Tafo,Female,3,
N3236529,Fawn,Roden,800-888-0386,1 Glendale Terrace,Agogo,Female,14,
N7264415,Rem,Hearson,589-456-4550,9541 Corry Center,Foso,Male,20,
N3692102,Nata,Gouldstraw,201-903-8280,7 Northridge Way,Wa,Female,10,
N8604369,Shaw,Skene,712-529-2872,772 Kropf Street,Agogo,Male,21,
N4654767,Etan,Imrie,322-287-6432,64 Summer Ridge Terrace,Berekum,Male,3,
N7874675,Humfrid,Drejer,555-856-7804,6 Holmberg Way,Ho,Male,1,
N2490836,Giulietta,Wannell,125-792-4939,02 Loftsgordon Plaza,Wenchi,Female,23,
N3104345,Joelly,Boys,422-874-0309,25286 Susan Plaza,Akim Oda,Female,1,
N5429992,Austina,Withey,602-481-3149,6 Hoffman Park,Medina Estates,Female,6,
N8821698,Janine,Petrou,524-327-5527,740 Oak Terrace,Mamponteng,Female,13,
N5408754,Johan,Erbain,574-776-1982,7 Sommers Street,Dome,Male,23,
N1128728,Horatius,Lumbers,603-731-6191,9 Summit Terrace,Foso,Male,15,
N2258712,Blisse,Forri,674-379-1572,566 Bluejay Way,Kasoa,Female,7,
N7611963,Tamqrah,Gibbieson,745-702-0516,00641 Lakewood Alley,Prestea,Female,13,
N2028354,Simonne,Mustarde,812-103-7346,95 Boyd Terrace,Duayaw Nkwanta,Female,16,
N8678024,Eduard,Tremolieres,872-507-8907,97 American Street,Tarkwa,Male,12,
N8315235,Aggy,Tiptaft,932-565-7729,90658 Summer Ridge Center,Mamponteng,Female,11,
N1980574,Rab,Swindley,775-557-6937,2 Longview Trail,Saltpond,Female,3,
N2548368,Urbano,Gallamore,527-371-1829,2 Esch Hill,Savelugu,Male,21,
N5642124,Halette,Chestle,222-366-4669,9 Ridge Oak Park,Dome,Female,3,
N4648115,Armand,Picknett,729-132-4179,878 Oak Valley Place,Tarkwa,Male,17,
N7521110,Amara,Soutter,815-512-0316,02 Union Junction,Akim Swedru,Male,23,
N1256686,Corena,Kidney,330-188-1035,75 Talmadge Parkway,Wenchi,Female,4,
N1531896,Sheela,Feldbaum,753-839-9975,5 Esch Avenue,Kasoa,Female,16,
N6686322,Wenona,Gallahue,169-852-5501,24 Aberg Way,Cape Coast,Female,9,
N6838026,Ebenezer,Timbs,388-152-3078,015 Charing Cross Center,Wenchi,Male,20,
N1581165,Gusella,Forlonge,541-797-6237,86239 Clove Pass,Dome,Female,20,
N7824309,Alexandre,Treadger,417-576-9727,0 Mayer Crossing,Wa,Male,23,
N4710059,Joan,Guice,305-404-0353,64920 Dawn Lane,Dome,Female,2,
N2333259,Jane,Lebang,419-309-7779,4304 Scoville Parkway,Mampong,Female,20,
N3116196,Othello,Gladdifh,923-638-6146,73 Clyde Gallagher Park,Tarkwa,Male,17,
N4004176,Michale,Rosenbush,503-347-0347,91288 Holmberg Lane,Foso,Male,17,
N3034281,Cyndi,Camocke,773-399-4550,01 Gulseth Center,Asamankese,Female,2,
N3451871,Blinni,Vasser,600-990-4032,8 Harper Avenue,Winneba,Female,19,
N4538299,Terri-jo,Kinsey,340-379-8855,0 Nevada Drive,Kasoa,Female,18,
N6868953,Richardo,Schenfisch,396-762-7364,56 International Street,Savelugu,Male,4,
N2048209,Catherin,Muggleton,871-602-8493,43274 Grim Junction,Berekum,Female,3,
N7076567,Rogerio,Leyman,523-236-0837,01 Mallard Court,Kasoa,Male,10,
N8344570,Dorthea,Limbrick,979-453-0758,87523 Maywood Terrace,Sekondi-Takoradi,Female,5,
N3210824,Irina,Habercham,499-973-3298,24581 Sachs Alley,Bekwai,Female,8,
N4059588,Latrena,Pinnick,865-744-0146,0 Columbus Center,Duayaw Nkwanta,Female,2,
N2263603,Thorndike,Mullane,639-505-4125,0827 John Wall Crossing,Asamankese,Male,8,
N2142183,Lazar,Matitiaho,647-966-5272,544 Crest Line Junction,Achiaman,Male,9,
N3456234,Weider,Gregr,966-438-1671,34 Crescent Oaks Lane,Savelugu,Male,20,
N7102568,Hayward,Record,475-939-3756,394 Gina Junction,Keta,Male,18,
N8107676,Marlowe,Barks,126-375-3143,1900 Elgar Street,Ho,Male,4,
N5551160,Ramsey,Caddell,973-301-4094,034 Quincy Street,Tarkwa,Male,21,
N6472679,Flo,Stretton,316-591-1729,08268 Lukken Lane,Akim Oda,Female,12,
N6988585,Bondie,Blackaller,723-353-0291,15133 Lyons Street,Konongo,Female,19,
N6599393,Lelah,Caldeyroux,509-790-3962,6 Shelley Circle,Foso,Female,17,
N5416924,Daryl,Iredale,891-381-8837,5238 Kipling Parkway,Ho,Female,3,
N1179101,Happy,Worstall,270-355-4540,41091 Westport Point,Saltpond,Male,3,
N5707517,Keven,Hyman,402-841-7625,180 Harper Lane,Swedru,Male,5,
N4318865,Nadine,Pitkeathley,645-369-2675,503 Claremont Trail,Akim Oda,Female,1,
N8830777,Judy,Cotgrove,908-379-9697,7746 Ilene Terrace,Foso,Female,13,
N8632193,Lester,Orwin,765-665-7382,95953 Westend Drive,Wassa-Akropong,Male,10,
N1070780,Andrea,Troyes,787-676-9508,6157 Cordelia Lane,Prestea,Female,23,
N1621570,Lenee,Lamping,154-683-8585,70 Hermina Parkway,Wenchi,Female,6,
N8834725,Rosie,Lorenzin,805-122-9066,97768 Center Parkway,Konongo,Female,3,
N6940886,Ardelia,Paulisch,291-330-7933,038 Ridgeview Road,Gbawe,Female,4,
N4541115,Lamond,Tapsell,526-970-5598,501 Gulseth Pass,Konongo,Male,24,
N7323352,Myrah,Palethorpe,185-248-0705,147 2nd Hill,Konongo,Female,14,
N7648886,Rube,Moretto,635-333-1989,2 Hoepker Street,Akropong,Male,11,
N8589372,Amandy,Songhurst,468-408-4308,541 Pleasure Place,Berekum,Female,11,
N6827847,Stephan,Trouncer,343-712-8736,87642 Aberg Point,Bekwai,Male,2,
N1443580,Arnaldo,Branca,765-352-1596,20 Oneill Trail,Sekondi-Takoradi,Male,16,
N7158163,Donn,Lankester,807-734-2326,86 Riverside Way,Swedru,Male,17,
N8182124,Jorry,Scyone,939-690-4217,04575 Thackeray Road,Kasoa,Female,15,
N3375836,Klement,Antyukhin,559-201-7911,5358 Knutson Hill,Bibiani,Male,10,
N6290861,Egor,Bryan,862-160-7705,85 Fallview Place,Duayaw Nkwanta,Male,4,
N6734148,Noami,Brownbill,523-564-2222,69 Mallard Pass,Medina Estates,Female,8,
N4286754,Darci,Korf,517-585-9202,97472 Saint Paul Crossing,Kasoa,Female,17,
N7109102,Kingston,Slimme,413-339-4260,817 Butterfield Park,Achiaman,Male,22,
N7052324,Clyve,Jasiak,418-468-2325,90 Springview Hill,Mamponteng,Male,4,
N8803124,Brewster,Stryde,792-355-9723,13548 Center Place,Gbawe,Male,11,
N5046907,Cris,Bellon,513-796-4314,12 Autumn Leaf Street,Saltpond,Male,18,
N8455598,Jessamyn,Vel,138-226-7881,48 Pearson Avenue,Wassa-Akropong,Female,20,
N2297534,Boony,Tryme,222-340-8421,59 Forster Avenue,Savelugu,Male,17,
N1797833,Matthaeus,Topping,968-411-8069,6818 Hagan Road,Bekwai,Male,23,
N3757345,Bird,Drennan,525-743-1944,6907 Emmet Court,Cape Coast,Female,12,
N5492501,Wald,Britzius,262-577-9271,1505 John Wall Court,Berekum,Male,18,
N3700334,Griffith,Rootham,232-271-9324,8313 Straubel Hill,Berekum,Male,6,
N7447144,Odelle,Besantie,405-931-5349,06865 Dawn Pass,Saltpond,Female,19,
N3465226,Laura,Vogeller,676-318-1670,19 Blue Bill Park Lane,Asamankese,Female,17,
N5519863,Nial,Grand,264-953-3456,292 Iowa Street,Mampong,Male,13,
N5252045,Delainey,Edwinson,615-718-9937,2266 Pine View Lane,Saltpond,Male,19,
N7389453,Haze,Minister,562-399-3539,16376 Memorial Drive,Asamankese,Male,23,
N2051376,Marillin,Andrelli,772-755-9561,79 Sloan Park,Akim Swedru,Female,6,
N5788418,Steven,Cosgriff,194-818-5308,0 Kropf Alley,Gbawe,Male,10,
N3529113,Dacie,Wakeford,334-766-6465,479 Bowman Parkway,Akim Oda,Female,9,
N2226968,Tris,Brech,885-426-9921,3 Onsgard Park,Ho,Male,15,
N1212581,Emmey,Arnson,110-220-3810,0804 Sundown Road,Akropong,Female,1,
N8826402,Hetti,Brammer,224-248-4757,908 Del Mar Park,Savelugu,Female,22,
N4121627,Jessamyn,Wynes,660-465-4719,16 Dovetail Road,Wassa-Akropong,Male,7,
N1216125,Robb,Masding,123-807-6059,528 Mendota Hill,Medina Estates,Male,21,
N8425765,Muffin,Ciccotti,397-932-4487,26 Sauthoff Drive,Foso,Female,9,
N4022986,Concordia,Ferry,923-178-8535,32471 Oakridge Alley,Achiaman,Female,17,
N2671758,Xylia,Smorthit,388-390-7800,26 Anhalt Trail,Wassa-Akropong,Female,2,
N8233374,Caleb,Follis,193-864-4425,4296 Raven Parkway,Bekwai,Male,11,
N5507536,Tull,Zannutti,500-690-2265,2009 Lawn Park,Winneba,Male,22,
N4349098,Adolph,Arnholdt,679-467-2291,02900 Namekagon Way,Mamponteng,Male,5,
N1532814,Larry,MacKellar,838-711-6837,3 Talisman Center,Akim Swedru,Male,18,
N8898982,Catlee,Surgison,711-644-2656,243 Marcy Plaza,Wenchi,Female,13,
N6217036,Norbert,Keach,462-100-8959,2 Jackson Parkway,Tarkwa,Male,21,
N2484080,Rhodia,Chapier,920-879-1590,49 Delladonna Center,Akim Oda,Male,10,
N7804234,Lyn,Minnette,698-660-3735,01391 Darwin Circle,Prestea,Male,19,
N8269956,Zara,Peploe,824-397-5548,878 Amoth Park,Winneba,Female,18,
N1071115,Yetty,Goodband,551-306-1792,6 Crescent Oaks Place,Asamankese,Female,20,
N6037221,Carmel,Bonicelli,768-649-5794,5574 Ohio Crossing,Akim Swedru,Female,2,
N4842410,Sherrie,Preon,871-259-5163,48642 Ronald Regan Drive,Kasoa,Female,21,
N5649193,Carroll,Yushkov,835-706-6011,9993 Morrow Plaza,Kasoa,Male,2,
N2988871,Urbain,Tracy,287-848-7701,038 Burning Wood Plaza,Duayaw Nkwanta,Male,2,
N2331480,Zonda,Swalwell,907-476-1611,8082 Marcy Point,Cape Coast,Female,3,
N7465323,Constantine,Greenaway,560-560-4202,68139 Straubel Place,Dome,Female,7,
N3793723,Chan,Selbie,591-721-3866,5 West Crossing,Kasoa,Male,3,
N3168838,Marjory,Cathesyed,178-997-0958,28541 Meadow Ridge Circle,Konongo,Female,24,
N6325419,Nicholas,Audrey,829-183-8460,94971 Rigney Drive,Swedru,Male,16,
N2200135,Ingamar,Barensky,500-235-3958,3680 Bluestem Avenue,Duayaw Nkwanta,Male,10,
N1209104,Brantley,Inglesant,438-283-2683,06856 Oakridge Pass,Konongo,Male,12,
N2316318,Darlene,Chifney,915-844-9977,200 Del Mar Lane,Achiaman,Female,18,
N1432804,Lishe,Shapero,262-270-6694,98696 Miller Place,Akim Swedru,Female,1,
N2078829,Chuck,MacGilpatrick,792-664-3713,073 Nobel Plaza,Agogo,Male,8,
N2492687,Oran,Cochern,552-436-7387,9 4th Way,Sekondi-Takoradi,Male,11,
N7113840,Rosabella,Breagan,879-990-9852,3 Independence Way,Bibiani,Female,11,
N2238433,Kitti,Oldknow,905-974-4152,8 Mandrake Center,Ho,Female,2,
N7347908,Gaston,Ferry,220-855-8898,498 Havey Avenue,Akim Swedru,Male,9,
N4525555,Lela,Poyle,541-798-6446,1 Bobwhite Hill,Swedru,Female,14,
N4045885,Rosalia,Stockoe,424-320-4147,837 Loeprich Circle,Prestea,Female,13,
N7814677,Warren,Copley,406-816-6399,2054 Kedzie Crossing,Keta,Male,9,
